"indicador","categoria","prevalencia_predicha_base","reduccion_total_0_30_pp","reduccion_promedio_por_10_pp","monotona"
"hh_no_asiste","STOCK",0.0693016526643234,0.245359758290946,0.081786586096982,TRUE
"hh_rezago","AMBIGUO",0.162959480853322,0.33053073405673,0.110176911352243,TRUE
"hh_escolaridad","AMBIGUO",0.713546975908638,0.967066640115866,0.322355546705289,TRUE
"hh_tenencia","AMBIGUO",0.138220992236859,0.350947457855103,0.116982485951701,TRUE
"hh_hacinam","AMBIGUO",0.319678450677315,0.554943982391359,0.184981327463786,TRUE
"hh_problemas_vivienda","AMBIGUO",0.347706162119175,1.0827729895735,0.360924329857835,TRUE
"hh_internet","AMBIGUO",0.246129893608161,0.972884057554499,0.3242946858515,TRUE
"hh_calefaccion","AMBIGUO",0.148422815615959,0.52458356233831,0.174861187446103,TRUE
"hh_saneamiento","AMBIGUO",0.0945249650985537,0.484236955995973,0.161412318665324,TRUE
"hh_cuidados","AMBIGUO",0.211243654541319,0.411645288313006,0.137215096104335,TRUE
"hh_pensiones","STOCK",0.014020880379952,0.0131334750628247,0.00437782502094158,TRUE
"hh_ss_menores","STOCK",0.0423252742518727,0.176867370434187,0.0589557901447289,TRUE
"hh_informalidad","AMBIGUO",0.458915887488234,0.878367998297441,0.292789332765814,TRUE
"hh_desempleo","AMBIGUO",0.182864573854308,0.511598770087959,0.170532923362653,TRUE
"hh_subempleo","AMBIGUO",0.241304896494031,0.499079762735996,0.166359920911999,TRUE
