"par","codigo_a","codigo_b","regla_a","regla_b","universo","metrica","media","p2_5","p97_5","unidad","separable_de_cero"
"1001-1006",1001,1006,"a_uniforme_pct","extension_cobertura","hogares","H",-0.0806512516032263,-0.157827776966019,-0.0035311566639489,"puntos_porcentuales",TRUE
"1001-1006",1001,1006,"a_uniforme_pct","extension_cobertura","hogares","A",-0.0884213415305857,-0.157788193020307,-0.019484510322889,"puntos_porcentuales",TRUE
"1001-1006",1001,1006,"a_uniforme_pct","extension_cobertura","hogares","M0",-0.00039106124634337,-0.000611966339710611,-0.000171865335798987,"proporcion",TRUE
"1001-1006",1001,1006,"a_uniforme_pct","extension_cobertura","hogares","score_promedio",-0.0266181653068375,-0.0389352901466451,-0.0144431770511738,"puntos_porcentuales",TRUE
"1001-1006",1001,1006,"a_uniforme_pct","extension_cobertura","personas","H",-0.135233828261724,-0.269926426701722,-0.00849587132419212,"puntos_porcentuales",TRUE
"1001-1006",1001,1006,"a_uniforme_pct","extension_cobertura","personas","A",-0.126237354076316,-0.226280816961478,-0.0275672383646946,"puntos_porcentuales",TRUE
"1001-1006",1001,1006,"a_uniforme_pct","extension_cobertura","personas","M0",-0.000691500648715396,-0.00106882138756424,-0.000319917807298012,"proporcion",TRUE
"1001-1006",1001,1006,"a_uniforme_pct","extension_cobertura","personas","score_promedio",-0.0477684698124889,-0.0692207315978999,-0.0264511667124589,"puntos_porcentuales",TRUE
"1001-1006",1001,1006,"a_uniforme_pct","extension_cobertura","beneficiarios_hogares","H",-0.579362392120569,-1.13376391052121,-0.0253662445543007,"puntos_porcentuales",TRUE
"1001-1006",1001,1006,"a_uniforme_pct","extension_cobertura","beneficiarios_hogares","A",-0.251983696007976,-0.487023056658113,-0.0108341331989727,"puntos_porcentuales",TRUE
"1001-1006",1001,1006,"a_uniforme_pct","extension_cobertura","beneficiarios_hogares","M0",-0.00280920847033802,-0.00439609151034968,-0.00123460343257867,"proporcion",TRUE
"1001-1006",1001,1006,"a_uniforme_pct","extension_cobertura","beneficiarios_hogares","score_promedio",-0.19121295230356,-0.279693648751346,-0.103753301279881,"puntos_porcentuales",TRUE
"1001-1006",1001,1006,"a_uniforme_pct","extension_cobertura","beneficiarios_personas","H",-0.626922200850919,-1.25133534760373,-0.039385488210836,"puntos_porcentuales",TRUE
"1001-1006",1001,1006,"a_uniforme_pct","extension_cobertura","beneficiarios_personas","A",-0.282986884712488,-0.541925137346846,-0.0222612505642015,"puntos_porcentuales",TRUE
"1001-1006",1001,1006,"a_uniforme_pct","extension_cobertura","beneficiarios_personas","M0",-0.00320568539806097,-0.0049548834431537,-0.00148308731935401,"proporcion",TRUE
"1001-1006",1001,1006,"a_uniforme_pct","extension_cobertura","beneficiarios_personas","score_promedio",-0.221446916138233,-0.320896139343766,-0.122623339615552,"puntos_porcentuales",TRUE
"1002-1006",1002,1006,"b_suma_fija_hogar","extension_cobertura","hogares","H",-0.0908704216072747,-0.169528906779035,-0.0136689935378658,"puntos_porcentuales",TRUE
"1002-1006",1002,1006,"b_suma_fija_hogar","extension_cobertura","hogares","A",-0.0758764680133302,-0.145119111633567,-0.00638584412525622,"puntos_porcentuales",TRUE
"1002-1006",1002,1006,"b_suma_fija_hogar","extension_cobertura","hogares","M0",-0.000407414634691347,-0.000626208802517601,-0.000187541471778764,"proporcion",TRUE
"1002-1006",1002,1006,"b_suma_fija_hogar","extension_cobertura","hogares","score_promedio",-0.0287792541338231,-0.0412967266164627,-0.0163277698958496,"puntos_porcentuales",TRUE
"1002-1006",1002,1006,"b_suma_fija_hogar","extension_cobertura","personas","H",-0.126299008229859,-0.251906485785509,-0.00283729779464092,"puntos_porcentuales",TRUE
"1002-1006",1002,1006,"b_suma_fija_hogar","extension_cobertura","personas","A",-0.0966400447478834,-0.18813236969396,-0.00265173171439397,"puntos_porcentuales",TRUE
"1002-1006",1002,1006,"b_suma_fija_hogar","extension_cobertura","personas","M0",-0.000606903708938093,-0.000975764800249953,-0.000252546671563377,"proporcion",TRUE
"1002-1006",1002,1006,"b_suma_fija_hogar","extension_cobertura","personas","score_promedio",-0.0419131261939531,-0.0623452710217316,-0.0218496311582532,"puntos_porcentuales",TRUE
"1002-1006",1002,1006,"b_suma_fija_hogar","extension_cobertura","beneficiarios_hogares","H",-0.652772322671422,-1.21781957517889,-0.098191914403739,"puntos_porcentuales",TRUE
"1002-1006",1002,1006,"b_suma_fija_hogar","extension_cobertura","beneficiarios_hogares","A",-0.207464103363008,-0.448424320327038,0.033876700187068,"puntos_porcentuales",FALSE
"1002-1006",1002,1006,"b_suma_fija_hogar","extension_cobertura","beneficiarios_hogares","M0",-0.00292668387219752,-0.00449840297058757,-0.00134721375740204,"proporcion",TRUE
"1002-1006",1002,1006,"b_suma_fija_hogar","extension_cobertura","beneficiarios_hogares","score_promedio",-0.206737244456483,-0.296657148446612,-0.117291370397955,"puntos_porcentuales",TRUE
"1002-1006",1002,1006,"b_suma_fija_hogar","extension_cobertura","beneficiarios_personas","H",-0.585501817278375,-1.16779780996534,-0.0131532546312516,"puntos_porcentuales",TRUE
"1002-1006",1002,1006,"b_suma_fija_hogar","extension_cobertura","beneficiarios_personas","A",-0.211482985092818,-0.452153447707083,0.0374697870133009,"puntos_porcentuales",FALSE
"1002-1006",1002,1006,"b_suma_fija_hogar","extension_cobertura","beneficiarios_personas","M0",-0.00281350763934369,-0.00452348812385655,-0.0011707656079045,"proporcion",TRUE
"1002-1006",1002,1006,"b_suma_fija_hogar","extension_cobertura","beneficiarios_personas","score_promedio",-0.194302488185143,-0.289022613823719,-0.101291363481947,"puntos_porcentuales",TRUE
"1003-1006",1003,1006,"c_tus_cluster_vulnerable","extension_cobertura","hogares","H",-0.0761808884426827,-0.154925079775074,0.000634351280563322,"puntos_porcentuales",FALSE
"1003-1006",1003,1006,"c_tus_cluster_vulnerable","extension_cobertura","hogares","A",-0.0936081875606523,-0.162812688085739,-0.0240968570859878,"puntos_porcentuales",TRUE
"1003-1006",1003,1006,"c_tus_cluster_vulnerable","extension_cobertura","hogares","M0",-0.000383496898639787,-0.000607254202953643,-0.000166173849696586,"proporcion",TRUE
"1003-1006",1003,1006,"c_tus_cluster_vulnerable","extension_cobertura","hogares","score_promedio",-0.0254745471294852,-0.0378909999890032,-0.0135952804788455,"puntos_porcentuales",TRUE
"1003-1006",1003,1006,"c_tus_cluster_vulnerable","extension_cobertura","personas","H",-0.141232636034718,-0.278223763807534,-0.0160603733502149,"puntos_porcentuales",TRUE
"1003-1006",1003,1006,"c_tus_cluster_vulnerable","extension_cobertura","personas","A",-0.136530899606047,-0.237178011167,-0.0351263742853273,"puntos_porcentuales",TRUE
"1003-1006",1003,1006,"c_tus_cluster_vulnerable","extension_cobertura","personas","M0",-0.000730702074582734,-0.00112777513684698,-0.000357923526198061,"proporcion",TRUE
"1003-1006",1003,1006,"c_tus_cluster_vulnerable","extension_cobertura","personas","score_promedio",-0.0505028035044068,-0.0725899153347929,-0.0295105906279208,"puntos_porcentuales",TRUE
"1003-1006",1003,1006,"c_tus_cluster_vulnerable","extension_cobertura","beneficiarios_hogares","H",-0.547249309646885,-1.11291223674409,0.00455689487822265,"puntos_porcentuales",FALSE
"1003-1006",1003,1006,"c_tus_cluster_vulnerable","extension_cobertura","beneficiarios_hogares","A",-0.270381610358679,-0.504763182131196,-0.031085572528442,"puntos_porcentuales",TRUE
"1003-1006",1003,1006,"c_tus_cluster_vulnerable","extension_cobertura","beneficiarios_hogares","M0",-0.00275486959160691,-0.00436224163487656,-0.00119371835097781,"proporcion",TRUE
"1003-1006",1003,1006,"c_tus_cluster_vulnerable","extension_cobertura","beneficiarios_hogares","score_promedio",-0.182997712617473,-0.272191936976592,-0.0976623928730004,"puntos_porcentuales",TRUE
"1003-1006",1003,1006,"c_tus_cluster_vulnerable","extension_cobertura","beneficiarios_personas","H",-0.654731705468714,-1.28980046322191,-0.0744532986799594,"puntos_porcentuales",TRUE
"1003-1006",1003,1006,"c_tus_cluster_vulnerable","extension_cobertura","beneficiarios_personas","A",-0.307273460351622,-0.568711338822624,-0.037714014242776,"puntos_porcentuales",TRUE
"1003-1006",1003,1006,"c_tus_cluster_vulnerable","extension_cobertura","beneficiarios_personas","M0",-0.00338741688120498,-0.00522818350959276,-0.00165927569798693,"proporcion",TRUE
"1003-1006",1003,1006,"c_tus_cluster_vulnerable","extension_cobertura","beneficiarios_personas","score_promedio",-0.234122845807845,-0.336515131356011,-0.136806335091402,"puntos_porcentuales",TRUE
"1004-1001",1004,1001,"d_proporcional_menores","a_uniforme_pct","hogares","H",0.000975657146029408,-0.037949132490254,0.0385775919632606,"puntos_porcentuales",FALSE
"1004-1001",1004,1001,"d_proporcional_menores","a_uniforme_pct","hogares","A",-0.00457359043836058,-0.0379256135988976,0.0292385143066275,"puntos_porcentuales",FALSE
"1004-1001",1004,1001,"d_proporcional_menores","a_uniforme_pct","hogares","M0",-3.15341760625707e-06,-0.000117102948469984,0.0001041854877186,"proporcion",FALSE
"1004-1001",1004,1001,"d_proporcional_menores","a_uniforme_pct","hogares","score_promedio",0.000135413813504337,-0.0061801133426706,0.00579780049658963,"puntos_porcentuales",FALSE
"1004-1001",1004,1001,"d_proporcional_menores","a_uniforme_pct","personas","H",-0.00870371226944258,-0.0757662306251501,0.053003760029113,"puntos_porcentuales",FALSE
"1004-1001",1004,1001,"d_proporcional_menores","a_uniforme_pct","personas","A",-0.0102592272701622,-0.056956323692284,0.0370426678467321,"puntos_porcentuales",FALSE
"1004-1001",1004,1001,"d_proporcional_menores","a_uniforme_pct","personas","M0",-4.83099188345674e-05,-0.000243477721349183,0.000134061914440152,"proporcion",FALSE
"1004-1001",1004,1001,"d_proporcional_menores","a_uniforme_pct","personas","score_promedio",-0.00355267858187777,-0.0141608072368798,0.00624553820466972,"puntos_porcentuales",FALSE
"1004-1001",1004,1001,"d_proporcional_menores","a_uniforme_pct","beneficiarios_hogares","H",0.00700868302446141,-0.272609534773478,0.277124105550665,"puntos_porcentuales",FALSE
"1004-1001",1004,1001,"d_proporcional_menores","a_uniforme_pct","beneficiarios_hogares","A",-0.0150605496206796,-0.130074929946317,0.101326559963518,"puntos_porcentuales",FALSE
"1004-1001",1004,1001,"d_proporcional_menores","a_uniforme_pct","beneficiarios_hogares","M0",-2.26527367077242e-05,-0.000841215021481823,0.000748421781299162,"proporcion",FALSE
"1004-1001",1004,1001,"d_proporcional_menores","a_uniforme_pct","beneficiarios_hogares","score_promedio",0.000972752057264832,-0.0443951603801257,0.0416487964906731,"puntos_porcentuales",FALSE
"1004-1001",1004,1001,"d_proporcional_menores","a_uniforme_pct","beneficiarios_personas","H",-0.0403490052871369,-0.351240016379406,0.245716876597734,"puntos_porcentuales",FALSE
"1004-1001",1004,1001,"d_proporcional_menores","a_uniforme_pct","beneficiarios_personas","A",-0.0236232424323428,-0.145804763067029,0.102936354930392,"puntos_porcentuales",FALSE
"1004-1001",1004,1001,"d_proporcional_menores","a_uniforme_pct","beneficiarios_personas","M0",-0.000223956986413794,-0.00112872341845539,0.000621489397523038,"proporcion",FALSE
"1004-1001",1004,1001,"d_proporcional_menores","a_uniforme_pct","beneficiarios_personas","score_promedio",-0.0164696444972053,-0.0656472167717474,0.0289533070763465,"puntos_porcentuales",FALSE
"1004-1006",1004,1006,"d_proporcional_menores","extension_cobertura","hogares","H",-0.0796755944571969,-0.15971708325674,-0.00172826355076532,"puntos_porcentuales",TRUE
"1004-1006",1004,1006,"d_proporcional_menores","extension_cobertura","hogares","A",-0.0929949319689463,-0.162174565431605,-0.021761858693017,"puntos_porcentuales",TRUE
"1004-1006",1004,1006,"d_proporcional_menores","extension_cobertura","hogares","M0",-0.000394214663949627,-0.000624037998754607,-0.000171435888492435,"proporcion",TRUE
"1004-1006",1004,1006,"d_proporcional_menores","extension_cobertura","hogares","score_promedio",-0.0264827514933331,-0.0396349750265914,-0.0137501695531342,"puntos_porcentuales",TRUE
"1004-1006",1004,1006,"d_proporcional_menores","extension_cobertura","personas","H",-0.143937540531167,-0.283383563651601,-0.0133394096414337,"puntos_porcentuales",TRUE
"1004-1006",1004,1006,"d_proporcional_menores","extension_cobertura","personas","A",-0.136496581346478,-0.23860543608641,-0.0362268508404019,"puntos_porcentuales",TRUE
"1004-1006",1004,1006,"d_proporcional_menores","extension_cobertura","personas","M0",-0.000739810567549963,-0.00113246333084596,-0.000361287229926129,"proporcion",TRUE
"1004-1006",1004,1006,"d_proporcional_menores","extension_cobertura","personas","score_promedio",-0.0513211483943667,-0.0744574837694201,-0.0288626956850797,"puntos_porcentuales",TRUE
"1004-1006",1004,1006,"d_proporcional_menores","extension_cobertura","beneficiarios_hogares","H",-0.572353709096108,-1.14733583892011,-0.0124150696372559,"puntos_porcentuales",TRUE
"1004-1006",1004,1006,"d_proporcional_menores","extension_cobertura","beneficiarios_hogares","A",-0.267044245628655,-0.506404282353517,-0.0214225070377921,"puntos_porcentuales",TRUE
"1004-1006",1004,1006,"d_proporcional_menores","extension_cobertura","beneficiarios_hogares","M0",-0.00283186120704574,-0.00448280889069472,-0.00123151847588091,"proporcion",TRUE
"1004-1006",1004,1006,"d_proporcional_menores","extension_cobertura","beneficiarios_hogares","score_promedio",-0.190240200246295,-0.284719870883278,-0.0987750464624572,"puntos_porcentuales",TRUE
"1004-1006",1004,1006,"d_proporcional_menores","extension_cobertura","beneficiarios_personas","H",-0.667271206138056,-1.31372046249853,-0.0618393500942316,"puntos_porcentuales",TRUE
"1004-1006",1004,1006,"d_proporcional_menores","extension_cobertura","beneficiarios_personas","A",-0.30661012714483,-0.574417968950558,-0.0430489024786019,"puntos_porcentuales",TRUE
"1004-1006",1004,1006,"d_proporcional_menores","extension_cobertura","beneficiarios_personas","M0",-0.00342964238447476,-0.00524991722028966,-0.00167486928556266,"proporcion",TRUE
"1004-1006",1004,1006,"d_proporcional_menores","extension_cobertura","beneficiarios_personas","score_promedio",-0.237916560635438,-0.345172877190217,-0.133802798707728,"puntos_porcentuales",TRUE
"1005-1001",1005,1001,"e_tus_pobre_ipm","a_uniforme_pct","hogares","H",-0.00253229888904073,-0.0506715089469065,0.0435993759397457,"puntos_porcentuales",FALSE
"1005-1001",1005,1001,"e_tus_pobre_ipm","a_uniforme_pct","hogares","A",-0.0140875126088764,-0.056118923813875,0.027730452922531,"puntos_porcentuales",FALSE
"1005-1001",1005,1001,"e_tus_pobre_ipm","a_uniforme_pct","hogares","M0",-2.80324173361941e-05,-0.00016461186604805,0.00011051459832798,"proporcion",FALSE
"1005-1001",1005,1001,"e_tus_pobre_ipm","a_uniforme_pct","hogares","score_promedio",-0.0012303839904837,-0.00831150745955092,0.00629048653761125,"puntos_porcentuales",FALSE
"1005-1001",1005,1001,"e_tus_pobre_ipm","a_uniforme_pct","personas","H",-0.0124064056287679,-0.0949627480145199,0.0672188100653075,"puntos_porcentuales",FALSE
"1005-1001",1005,1001,"e_tus_pobre_ipm","a_uniforme_pct","personas","A",-0.0261777406409469,-0.0869135770764294,0.0332511126359075,"puntos_porcentuales",FALSE
"1005-1001",1005,1001,"e_tus_pobre_ipm","a_uniforme_pct","personas","M0",-9.00281177086082e-05,-0.000332062528572673,0.000146973836951722,"proporcion",FALSE
"1005-1001",1005,1001,"e_tus_pobre_ipm","a_uniforme_pct","personas","score_promedio",-0.00586823742915388,-0.0186786565544697,0.00678754823104388,"puntos_porcentuales",FALSE
"1005-1001",1005,1001,"e_tus_pobre_ipm","a_uniforme_pct","beneficiarios_hogares","H",-0.0181908986253132,-0.364001376944088,0.313198347667099,"puntos_porcentuales",FALSE
"1005-1001",1005,1001,"e_tus_pobre_ipm","a_uniforme_pct","beneficiarios_hogares","A",-0.0445476427663495,-0.189878557288817,0.101883832944171,"puntos_porcentuales",FALSE
"1005-1001",1005,1001,"e_tus_pobre_ipm","a_uniforme_pct","beneficiarios_hogares","M0",-0.00020137230411152,-0.00118249776152535,0.000793887271167666,"proporcion",FALSE
"1005-1001",1005,1001,"e_tus_pobre_ipm","a_uniforme_pct","beneficiarios_hogares","score_promedio",-0.00883852634377455,-0.0597061390638295,0.0451880318728684,"puntos_porcentuales",FALSE
"1005-1001",1005,1001,"e_tus_pobre_ipm","a_uniforme_pct","beneficiarios_personas","H",-0.0575140940799482,-0.44023197264588,0.31161555423223,"puntos_porcentuales",FALSE
"1005-1001",1005,1001,"e_tus_pobre_ipm","a_uniforme_pct","beneficiarios_personas","A",-0.0624270838762349,-0.22077887192477,0.0953220026293168,"puntos_porcentuales",FALSE
"1005-1001",1005,1001,"e_tus_pobre_ipm","a_uniforme_pct","beneficiarios_personas","M0",-0.000417355823005425,-0.00153938828700469,0.000681346986280277,"proporcion",FALSE
"1005-1001",1005,1001,"e_tus_pobre_ipm","a_uniforme_pct","beneficiarios_personas","score_promedio",-0.0272042015780317,-0.0865912370195183,0.0314659780772698,"puntos_porcentuales",FALSE
"1005-1003",1005,1003,"e_tus_pobre_ipm","c_tus_cluster_vulnerable","hogares","H",-0.00700266204958439,-0.0527179301058815,0.0383399557250314,"puntos_porcentuales",FALSE
"1005-1003",1005,1003,"e_tus_pobre_ipm","c_tus_cluster_vulnerable","hogares","A",-0.00890066657880984,-0.0484324740581844,0.0318818789374072,"puntos_porcentuales",FALSE
"1005-1003",1005,1003,"e_tus_pobre_ipm","c_tus_cluster_vulnerable","hogares","M0",-3.55967650397773e-05,-0.000166859917954618,9.71022257415823e-05,"proporcion",FALSE
"1005-1003",1005,1003,"e_tus_pobre_ipm","c_tus_cluster_vulnerable","hogares","score_promedio",-0.00237400216783601,-0.00952168473225559,0.00493419243743177,"puntos_porcentuales",FALSE
"1005-1003",1005,1003,"e_tus_pobre_ipm","c_tus_cluster_vulnerable","personas","H",-0.00640759785577473,-0.0832095222862692,0.0694201017498329,"puntos_porcentuales",FALSE
"1005-1003",1005,1003,"e_tus_pobre_ipm","c_tus_cluster_vulnerable","personas","A",-0.0158841951112163,-0.0741789189813624,0.039927648449456,"puntos_porcentuales",FALSE
"1005-1003",1005,1003,"e_tus_pobre_ipm","c_tus_cluster_vulnerable","personas","M0",-5.08266918412701e-05,-0.00027174342115651,0.000171243774384896,"proporcion",FALSE
"1005-1003",1005,1003,"e_tus_pobre_ipm","c_tus_cluster_vulnerable","personas","score_promedio",-0.00313390373723598,-0.015306500609395,0.00918231209189206,"puntos_porcentuales",FALSE
"1005-1003",1005,1003,"e_tus_pobre_ipm","c_tus_cluster_vulnerable","beneficiarios_hogares","H",-0.050303981098997,-0.378701948037292,0.275417033475542,"puntos_porcentuales",FALSE
"1005-1003",1005,1003,"e_tus_pobre_ipm","c_tus_cluster_vulnerable","beneficiarios_hogares","A",-0.0261497284156462,-0.163877553345348,0.114932360297591,"puntos_porcentuales",FALSE
"1005-1003",1005,1003,"e_tus_pobre_ipm","c_tus_cluster_vulnerable","beneficiarios_hogares","M0",-0.000255711182842624,-0.00119864675740954,0.000697538806497937,"proporcion",FALSE
"1005-1003",1005,1003,"e_tus_pobre_ipm","c_tus_cluster_vulnerable","beneficiarios_hogares","score_promedio",-0.0170537660298615,-0.0683995094166391,0.0354450238143622,"puntos_porcentuales",FALSE
"1005-1003",1005,1003,"e_tus_pobre_ipm","c_tus_cluster_vulnerable","beneficiarios_personas","H",-0.0297045894621537,-0.385745915160376,0.321820387189447,"puntos_porcentuales",FALSE
"1005-1003",1005,1003,"e_tus_pobre_ipm","c_tus_cluster_vulnerable","beneficiarios_personas","A",-0.0381405082371009,-0.190692023092306,0.109038005474147,"puntos_porcentuales",FALSE
"1005-1003",1005,1003,"e_tus_pobre_ipm","c_tus_cluster_vulnerable","beneficiarios_personas","M0",-0.000235624339861412,-0.00125975864063014,0.000793858499011175,"proporcion",FALSE
"1005-1003",1005,1003,"e_tus_pobre_ipm","c_tus_cluster_vulnerable","beneficiarios_personas","score_promedio",-0.01452827190842,-0.0709584663298627,0.0425677168171797,"puntos_porcentuales",FALSE
"1005-1004",1005,1004,"e_tus_pobre_ipm","d_proporcional_menores","hogares","H",-0.00350795603507014,-0.057346926911736,0.0496502623032721,"puntos_porcentuales",FALSE
"1005-1004",1005,1004,"e_tus_pobre_ipm","d_proporcional_menores","hogares","A",-0.00951392217051585,-0.0541958596631038,0.0379229375865549,"puntos_porcentuales",FALSE
"1005-1004",1005,1004,"e_tus_pobre_ipm","d_proporcional_menores","hogares","M0",-2.4878999729937e-05,-0.000177809514981152,0.000126168476368095,"proporcion",FALSE
"1005-1004",1005,1004,"e_tus_pobre_ipm","d_proporcional_menores","hogares","score_promedio",-0.00136579780398804,-0.0091036282536526,0.00688228587469354,"puntos_porcentuales",FALSE
"1005-1004",1005,1004,"e_tus_pobre_ipm","d_proporcional_menores","personas","H",-0.0037026933593253,-0.0950553973164307,0.0876908227313739,"puntos_porcentuales",FALSE
"1005-1004",1005,1004,"e_tus_pobre_ipm","d_proporcional_menores","personas","A",-0.0159185133707847,-0.0789446048595456,0.0506264099321713,"puntos_porcentuales",FALSE
"1005-1004",1005,1004,"e_tus_pobre_ipm","d_proporcional_menores","personas","M0",-4.17181988740408e-05,-0.000301667984655228,0.000217027390570253,"proporcion",FALSE
"1005-1004",1005,1004,"e_tus_pobre_ipm","d_proporcional_menores","personas","score_promedio",-0.00231555884727611,-0.0156285207895774,0.0112775330969298,"puntos_porcentuales",FALSE
"1005-1004",1005,1004,"e_tus_pobre_ipm","d_proporcional_menores","beneficiarios_hogares","H",-0.0251995816497746,-0.411954583417984,0.356665199431165,"puntos_porcentuales",FALSE
"1005-1004",1005,1004,"e_tus_pobre_ipm","d_proporcional_menores","beneficiarios_hogares","A",-0.0294870931456699,-0.18495712992009,0.133577502651064,"puntos_porcentuales",FALSE
"1005-1004",1005,1004,"e_tus_pobre_ipm","d_proporcional_menores","beneficiarios_hogares","M0",-0.000178719567403796,-0.00127730374784615,0.000906337704942694,"proporcion",FALSE
"1005-1004",1005,1004,"e_tus_pobre_ipm","d_proporcional_menores","beneficiarios_hogares","score_promedio",-0.00981127840103938,-0.0653963793142378,0.0494392526880481,"puntos_porcentuales",FALSE
"1005-1004",1005,1004,"e_tus_pobre_ipm","d_proporcional_menores","beneficiarios_personas","H",-0.0171650887928113,-0.440661479855785,0.406520500734359,"puntos_porcentuales",FALSE
"1005-1004",1005,1004,"e_tus_pobre_ipm","d_proporcional_menores","beneficiarios_personas","A",-0.0388038414438921,-0.20524650192232,0.13460739730789,"puntos_porcentuales",FALSE
"1005-1004",1005,1004,"e_tus_pobre_ipm","d_proporcional_menores","beneficiarios_personas","M0",-0.000193398836591632,-0.00139848408713463,0.00100610395409286,"proporcion",FALSE
"1005-1004",1005,1004,"e_tus_pobre_ipm","d_proporcional_menores","beneficiarios_personas","score_promedio",-0.0107345570808263,-0.072451299910568,0.0522808232243082,"puntos_porcentuales",FALSE
"1005-1006",1005,1006,"e_tus_pobre_ipm","extension_cobertura","hogares","H",-0.083183550492267,-0.161759576544006,-0.00572683694776016,"puntos_porcentuales",TRUE
"1005-1006",1005,1006,"e_tus_pobre_ipm","extension_cobertura","hogares","A",-0.102508854139462,-0.177184950668266,-0.0295329957100623,"puntos_porcentuales",TRUE
"1005-1006",1005,1006,"e_tus_pobre_ipm","extension_cobertura","hogares","M0",-0.000419093663679564,-0.00064689821208518,-0.00019532258562891,"proporcion",TRUE
"1005-1006",1005,1006,"e_tus_pobre_ipm","extension_cobertura","hogares","score_promedio",-0.0278485492973212,-0.0406479731396418,-0.015250616544929,"puntos_porcentuales",TRUE
"1005-1006",1005,1006,"e_tus_pobre_ipm","extension_cobertura","personas","H",-0.147640233890492,-0.285368209224136,-0.0209833253548139,"puntos_porcentuales",TRUE
"1005-1006",1005,1006,"e_tus_pobre_ipm","extension_cobertura","personas","A",-0.152415094717263,-0.261991957298417,-0.0463738444914964,"puntos_porcentuales",TRUE
"1005-1006",1005,1006,"e_tus_pobre_ipm","extension_cobertura","personas","M0",-0.000781528766424004,-0.00118777473188361,-0.000394376730730751,"proporcion",TRUE
"1005-1006",1005,1006,"e_tus_pobre_ipm","extension_cobertura","personas","score_promedio",-0.0536367072416428,-0.0766441466167981,-0.0315747892100678,"puntos_porcentuales",TRUE
"1005-1006",1005,1006,"e_tus_pobre_ipm","extension_cobertura","beneficiarios_hogares","H",-0.597553290745882,-1.16200819394596,-0.0411390262070823,"puntos_porcentuales",TRUE
"1005-1006",1005,1006,"e_tus_pobre_ipm","extension_cobertura","beneficiarios_hogares","A",-0.296531338774325,-0.547337664542683,-0.0462423682861215,"puntos_porcentuales",TRUE
"1005-1006",1005,1006,"e_tus_pobre_ipm","extension_cobertura","beneficiarios_hogares","M0",-0.00301058077444954,-0.00464702640271475,-0.001403109786837,"proporcion",TRUE
"1005-1006",1005,1006,"e_tus_pobre_ipm","extension_cobertura","beneficiarios_hogares","score_promedio",-0.200051478647334,-0.291996794654747,-0.109553584192981,"puntos_porcentuales",TRUE
"1005-1006",1005,1006,"e_tus_pobre_ipm","extension_cobertura","beneficiarios_personas","H",-0.684436294930868,-1.32292095904762,-0.0972753096004219,"puntos_porcentuales",TRUE
"1005-1006",1005,1006,"e_tus_pobre_ipm","extension_cobertura","beneficiarios_personas","A",-0.345413968588723,-0.624903922027767,-0.069439507200177,"puntos_porcentuales",TRUE
"1005-1006",1005,1006,"e_tus_pobre_ipm","extension_cobertura","beneficiarios_personas","M0",-0.00362304122106639,-0.00550633194814565,-0.00182826687059111,"proporcion",TRUE
"1005-1006",1005,1006,"e_tus_pobre_ipm","extension_cobertura","beneficiarios_personas","score_promedio",-0.248651117716264,-0.355309893219555,-0.146375626553059,"puntos_porcentuales",TRUE
