"indicador","escenario","probabilidad"
"hh_no_asiste",0,0.0693016526643234
"hh_no_asiste",10,0.0684592837828054
"hh_no_asiste",20,0.0676418649569643
"hh_no_asiste",30,0.066848055081414
"hh_no_asiste",40,0.0660766258727019
"hh_no_asiste",50,0.0653264484693294
"hh_rezago",0,0.162959480853322
"hh_rezago",10,0.161833904173047
"hh_rezago",20,0.160732488078536
"hh_rezago",30,0.159654173512755
"hh_rezago",40,0.158597979470643
"hh_rezago",50,0.157562994496798
"hh_escolaridad",0,0.713546975908638
"hh_escolaridad",10,0.710316179447983
"hh_escolaridad",20,0.707092377396587
"hh_escolaridad",30,0.703876309507479
"hh_escolaridad",40,0.70066867459056
"hh_escolaridad",50,0.697470131771612
"hh_tenencia",0,0.138220992236859
"hh_tenencia",10,0.137022415541482
"hh_tenencia",20,0.135853042570289
"hh_tenencia",30,0.134711517658308
"hh_tenencia",40,0.133596584918023
"hh_tenencia",50,0.13250707786202
"hh_hacinam",0,0.319678450677315
"hh_hacinam",10,0.317798388689928
"hh_hacinam",20,0.315948894010792
"hh_hacinam",30,0.314129010853401
"hh_hacinam",40,0.312337830433223
"hh_hacinam",50,0.310574487817353
"hh_problemas_vivienda",0,0.347706162119175
"hh_problemas_vivienda",10,0.3440386012897
"hh_problemas_vivienda",20,0.340429625108773
"hh_problemas_vivienda",30,0.33687843222344
"hh_problemas_vivienda",40,0.333384190831272
"hh_problemas_vivienda",50,0.329946044602634
"hh_internet",0,0.246129893608161
"hh_internet",10,0.242812549414229
"hh_internet",20,0.239570279620041
"hh_internet",30,0.236401053032616
"hh_internet",40,0.233302859262589
"hh_internet",50,0.230273716057548
"hh_calefaccion",0,0.148422815615959
"hh_calefaccion",10,0.146626517854589
"hh_calefaccion",20,0.144878629588513
"hh_calefaccion",30,0.143176979992576
"hh_calefaccion",40,0.141519534709195
"hh_calefaccion",50,0.139904385192881
"hh_saneamiento",0,0.0945249650985537
"hh_saneamiento",10,0.0928539620243025
"hh_saneamiento",20,0.091240856361726
"hh_saneamiento",30,0.0896825955385939
"hh_saneamiento",40,0.0881763327349745
"hh_saneamiento",50,0.0867194119320502
"hh_cuidados",0,0.211243654541319
"hh_cuidados",10,0.209843202944006
"hh_cuidados",20,0.208471452128376
"hh_cuidados",30,0.207127201658189
"hh_cuidados",40,0.205809335470288
"hh_cuidados",50,0.204516813119083
"hh_pensiones",0,0.014020880379952
"hh_pensiones",10,0.0139764096649676
"hh_pensiones",20,0.0139326401513608
"hh_pensiones",30,0.0138895456293238
"hh_pensiones",40,0.0138471016354585
"hh_pensiones",50,0.0138052852775551
"hh_ss_menores",0,0.0423252742518727
"hh_ss_menores",10,0.0417156200209388
"hh_ss_menores",20,0.0411264652400434
"hh_ss_menores",30,0.0405566005475308
"hh_ss_menores",40,0.0400049251102094
"hh_ss_menores",50,0.0394704331066591
"hh_informalidad",0,0.458915887488234
"hh_informalidad",10,0.455947239787597
"hh_informalidad",20,0.45301962620956
"hh_informalidad",30,0.450132207505259
"hh_informalidad",40,0.44728415921113
"hh_informalidad",50,0.44447467257117
"hh_desempleo",0,0.182864573854308
"hh_desempleo",10,0.181116312094712
"hh_desempleo",20,0.179411660853808
"hh_desempleo",30,0.177748586153429
"hh_desempleo",40,0.17612520034403
"hh_desempleo",50,0.174539747840864
"hh_subempleo",0,0.241304896494031
"hh_subempleo",10,0.239606938252785
"hh_subempleo",20,0.237943804871061
"hh_subempleo",30,0.236314098866671
"hh_subempleo",40,0.234716513060712
"hh_subempleo",50,0.233149822268717
