"escenario","universo","dimension","media","p2_5","p97_5"
10,"personas","educacion",-5.35963068827239e-05,-0.000109091186046671,-1.13677674796955e-05
10,"personas","empleo",-5.7227094476405e-05,-0.000116847720585683,-1.47124304990913e-05
10,"personas","proteccion",-2.07802739992033e-05,-5.48646409953341e-05,0
10,"personas","servicios",-4.74160519923423e-05,-9.50187091216879e-05,-1.22208841093296e-05
10,"personas","vivienda",-6.10975844678345e-05,-0.000122182369864185,-1.55845878373917e-05
10,"beneficiarios_personas","educacion",-0.000522331629761989,-0.0010631661081632,-0.000110786448913681
10,"beneficiarios_personas","empleo",-0.000557716067821812,-0.00113875869210617,-0.00014338241284359
10,"beneficiarios_personas","proteccion",-0.000202517580337299,-0.000534692388602547,0
10,"beneficiarios_personas","servicios",-0.000462100938563412,-0.000926020468201513,-0.000119100637436211
10,"beneficiarios_personas","vivienda",-0.000595436565049813,-0.00119074839464198,-0.00015188216572617
20,"personas","educacion",-0.000106447635976821,-0.000185414241298349,-4.51380897209324e-05
20,"personas","empleo",-0.000112785783234752,-0.000187827767223339,-5.09487567160263e-05
20,"personas","proteccion",-4.08964700012242e-05,-8.74609410048262e-05,-6.22259647276861e-06
20,"personas","servicios",-9.41728310573959e-05,-0.000158772574617751,-4.23897259679795e-05
20,"personas","vivienda",-0.000120444810769103,-0.000207166161112631,-5.42358332019068e-05
20,"beneficiarios_personas","educacion",-0.0010374029558743,-0.00180698500458933,-0.00043990068233373
20,"beneficiarios_personas","empleo",-0.00109917241312722,-0.00183050641871647,-0.000496529493870942
20,"beneficiarios_personas","proteccion",-0.000398563279257163,-0.000852364995139119,-6.06433380584357e-05
20,"beneficiarios_personas","servicios",-0.000917776824308871,-0.00154734425719039,-0.000413116051045586
20,"beneficiarios_personas","vivienda",-0.00117381472650831,-0.00201897191913376,-0.000528564238760685
30,"personas","educacion",-0.000158403791695514,-0.00025157095134625,-8.08036590854914e-05
30,"personas","empleo",-0.000167573549303887,-0.000261593330216231,-8.73239407839539e-05
30,"personas","proteccion",-6.02072533149255e-05,-0.00011666195757433,-1.70149630248009e-05
30,"personas","servicios",-0.000138750009365552,-0.000216287589377552,-7.26509849247736e-05
30,"personas","vivienda",-0.000180377041945721,-0.000282645387885242,-9.86355149527157e-05
30,"beneficiarios_personas","educacion",-0.00154375022252637,-0.00245172611062532,-0.000787485358519394
30,"beneficiarios_personas","empleo",-0.0016331156044842,-0.00254940085341502,-0.000851029836938711
30,"beneficiarios_personas","proteccion",-0.000586759696265842,-0.00113694830810563,-0.00016582212253041
30,"beneficiarios_personas","servicios",-0.00135221105215294,-0.00210786629952079,-0.000708032130695243
30,"beneficiarios_personas","vivienda",-0.00175789414926133,-0.00275456714623739,-0.000961268644692216
40,"personas","educacion",-0.000209899905316593,-0.000315783651480354,-0.000122120139255383
40,"personas","empleo",-0.000221717076865452,-0.000323174232887004,-0.000133187435064214
40,"personas","proteccion",-7.92121097173312e-05,-0.00014136750926911,-2.81988251232589e-05
40,"personas","servicios",-0.000182012307542554,-0.000268225069721503,-0.000107660346451732
40,"personas","vivienda",-0.000238354971937711,-0.000350350432632765,-0.00013942349935531
40,"beneficiarios_personas","educacion",-0.00204561407320107,-0.00307752154809556,-0.0011901419160018
40,"beneficiarios_personas","empleo",-0.00216078026343501,-0.00314954767555746,-0.00129800006879459
40,"beneficiarios_personas","proteccion",-0.000771974652210147,-0.00137772032825883,-0.000274816291283545
40,"beneficiarios_personas","servicios",-0.00177383089927204,-0.00261403156223467,-0.00104922162539896
40,"beneficiarios_personas","vivienda",-0.00232292760817497,-0.00341439780291798,-0.00135877465969307
50,"personas","educacion",-0.000260718621732576,-0.000377027394285521,-0.000161445704351109
50,"personas","empleo",-0.000275147416881734,-0.000390160839188121,-0.000171219625193403
50,"personas","proteccion",-9.83446038848371e-05,-0.000167993386093744,-4.04684720230688e-05
50,"personas","servicios",-0.000224453762317094,-0.000320275865502378,-0.000143659824829194
50,"personas","vivienda",-0.000295521718203828,-0.000419887100672223,-0.000191195186211629
50,"beneficiarios_personas","educacion",-0.00254087623792549,-0.00367438252327702,-0.00157339568295831
50,"beneficiarios_personas","empleo",-0.00268149443578477,-0.00380237667211592,-0.00166864903714727
50,"beneficiarios_personas","proteccion",-0.000958433523001231,-0.00163720719301771,-0.000394392154519894
50,"beneficiarios_personas","servicios",-0.00218745108191565,-0.00312130115918888,-0.00140006046682562
50,"beneficiarios_personas","vivienda",-0.00288005554258114,-0.00409207884584399,-0.00186332415468644
75,"personas","educacion",-0.000383289267250991,-0.000520162438607646,-0.000258803169785721
75,"personas","empleo",-0.000401606001730444,-0.000539537056284147,-0.000278964493815299
75,"personas","proteccion",-0.000144961732510056,-0.000228342215591722,-7.4208143367434e-05
75,"personas","servicios",-0.000324493168843902,-0.000434048279435125,-0.000224103103672665
75,"personas","vivienda",-0.000433351463803241,-0.000583298177683435,-0.000300913322421614
75,"beneficiarios_personas","educacion",-0.0037354086368593,-0.00506932865530108,-0.00252220888572675
75,"beneficiarios_personas","empleo",-0.00391391738735036,-0.00525814718059847,-0.00271869438726648
75,"beneficiarios_personas","proteccion",-0.00141274842240121,-0.00222534664327651,-0.000723207674579854
75,"beneficiarios_personas","servicios",-0.00316240158299977,-0.00423008894416595,-0.00218403368038394
75,"beneficiarios_personas","vivienda",-0.00422329801274148,-0.00568462839152813,-0.00293260030885151
100,"personas","educacion",-0.000502710548595944,-0.000665306509897547,-0.000355094355535171
100,"personas","empleo",-0.000524733651446298,-0.000681548698795127,-0.00038228077224656
100,"personas","proteccion",-0.000188658617060017,-0.00028594918304214,-0.000104989074348488
100,"personas","servicios",-0.000418638531744019,-0.000544900498829416,-0.000298539735544063
100,"personas","vivienda",-0.000565286249345108,-0.00073552028411338,-0.000412496054858047
100,"beneficiarios_personas","educacion",-0.0048992483889091,-0.00648385409029109,-0.00346063048433204
100,"beneficiarios_personas","empleo",-0.00511387816236369,-0.00664214501537922,-0.00372558018281259
100,"beneficiarios_personas","proteccion",-0.00183860360254347,-0.00278676482568718,-0.00102318830347105
100,"beneficiarios_personas","servicios",-0.00407991071186109,-0.00531041749265437,-0.00290946812728447
100,"beneficiarios_personas","vivienda",-0.0055090901794513,-0.00716813398289911,-0.00402004819242209
125,"personas","educacion",-0.000616626006239532,-0.000795887225504964,-0.000456860441636694
125,"personas","empleo",-0.000640837205408502,-0.000818779265801421,-0.000478333716933952
125,"personas","proteccion",-0.000229973369633903,-0.000334293077931485,-0.000138368365450829
125,"personas","servicios",-0.000505439271006499,-0.000644929700774799,-0.000377575395169009
125,"personas","vivienda",-0.000691024005596668,-0.000876676023549549,-0.000519714749750288
125,"beneficiarios_personas","educacion",-0.00600943022991273,-0.00775644994559796,-0.00445240862539354
125,"beneficiarios_personas","empleo",-0.00624538445616366,-0.00797954809194577,-0.00466167996393716
125,"beneficiarios_personas","proteccion",-0.00224124332345467,-0.0032579082099104,-0.00134849167856994
125,"beneficiarios_personas","servicios",-0.00492584160226226,-0.00628526854331072,-0.00367972315607863
125,"beneficiarios_personas","vivienda",-0.00673448817728728,-0.00854379047339731,-0.00506496562985975
150,"personas","educacion",-0.000725548562816598,-0.000912531071185687,-0.000556483751402276
150,"personas","empleo",-0.000752829334753553,-0.000939165771753357,-0.000577552992149842
150,"personas","proteccion",-0.000270146973836952,-0.000379837524239752,-0.00017223807090314
150,"personas","servicios",-0.000587152617750684,-0.000735020117205313,-0.000447557894435712
150,"personas","vivienda",-0.000811567902356026,-0.00100624572396768,-0.000626478789672244
150,"beneficiarios_personas","educacion",-0.00707095293182637,-0.00889322174126355,-0.00542330398700868
150,"beneficiarios_personas","empleo",-0.00733682218468693,-0.00915279459926245,-0.00562863774035111
150,"beneficiarios_personas","proteccion",-0.00263276179510436,-0.00370176910724534,-0.00167857446743029
150,"beneficiarios_personas","servicios",-0.00572219247157848,-0.00716325952397763,-0.00436174912060597
150,"beneficiarios_personas","vivienda",-0.00790926856262148,-0.00980653331378119,-0.00610545215245606
200,"personas","educacion",-0.000931688104646992,-0.0011477655589061,-0.000738106105231406
200,"personas","empleo",-0.00096169346886355,-0.00117619008608815,-0.000768496469481088
200,"personas","proteccion",-0.000343513808910172,-0.000468555616423902,-0.000232068157191916
200,"personas","servicios",-0.000734136838854736,-0.000903390137804575,-0.000578558434448787
200,"personas","vivienda",-0.00103602938003019,-0.00126017540115058,-0.000832737034066893
200,"beneficiarios_personas","educacion",-0.0090799197637811,-0.0111857381569205,-0.00719333452818677
200,"beneficiarios_personas","empleo",-0.00937234197912386,-0.0114627540647647,-0.00748950882471681
200,"beneficiarios_personas","proteccion",-0.00334777036123799,-0.00456638587610818,-0.00226165842036754
200,"beneficiarios_personas","servicios",-0.00715465138943955,-0.00880413727055646,-0.00563843644375408
200,"beneficiarios_personas","vivienda",-0.0100967948358193,-0.0122812467752535,-0.00811557581978713
250,"personas","educacion",-0.00112146978914474,-0.0013500024985125,-0.000903784419796172
250,"personas","empleo",-0.00115300233584603,-0.00137728876284249,-0.000942757499577855
250,"personas","proteccion",-0.000411444017003755,-0.000544286552076896,-0.000287502161817044
250,"personas","servicios",-0.000863398909533971,-0.00104248530103732,-0.000697182513830519
250,"personas","vivienda",-0.0012428269315994,-0.00148341563563551,-0.00102607824746717
250,"beneficiarios_personas","educacion",-0.0109294684048767,-0.0131566715365996,-0.00880797981059763
250,"beneficiarios_personas","empleo",-0.0112367740284725,-0.0134225943164805,-0.00918779837391309
250,"beneficiarios_personas","proteccion",-0.00400979538436564,-0.00530443417353255,-0.00280189963593178
250,"beneficiarios_personas","servicios",-0.00841439617357238,-0.0101597120765286,-0.00679450693286553
250,"beneficiarios_personas","vivienda",-0.0121121744099808,-0.0144568712219549,-0.00999981443563994
300,"personas","educacion",-0.00129726811342615,-0.00154990439706621,-0.00107242193913178
300,"personas","empleo",-0.00133157784191555,-0.00157165074399015,-0.00110649273304388
300,"personas","proteccion",-0.000472833404201922,-0.000619224279671415,-0.000340355453806963
300,"personas","servicios",-0.000977047252351435,-0.00116743368214054,-0.000801565536354472
300,"personas","vivienda",-0.00143310795326376,-0.00169078242080041,-0.00119566919545854
300,"beneficiarios_personas","educacion",-0.0126427399075618,-0.0151048483893919,-0.0104514645101372
300,"beneficiarios_personas","empleo",-0.0129771110133504,-0.0153167809924163,-0.0107835070396782
300,"beneficiarios_personas","proteccion",-0.00460807576094965,-0.00603475213127457,-0.00331699009176837
300,"beneficiarios_personas","servicios",-0.00952197480307548,-0.0113774170889387,-0.00781178885853479
300,"beneficiarios_personas","vivienda",-0.013966589423616,-0.0164777983558092,-0.0116525909310624
500,"personas","educacion",-0.00188746816099387,-0.00217364039587584,-0.00162634680505268
500,"personas","empleo",-0.00191594862141864,-0.00220057789015202,-0.00164930246918052
500,"personas","proteccion",-0.000678645786408823,-0.000845743231306714,-0.00051855558855945
500,"personas","servicios",-0.00132376547939953,-0.00154194120117707,-0.00111548459160838
500,"personas","vivienda",-0.00205636550705345,-0.0023520806293205,-0.00178039542629174
500,"beneficiarios_personas","educacion",-0.018394631607977,-0.0211835702220798,-0.0158498304575384
500,"beneficiarios_personas","empleo",-0.0186721926224438,-0.0214460940059996,-0.0160735486604064
500,"beneficiarios_personas","proteccion",-0.00661385420494874,-0.00824232985558567,-0.00505366883369632
500,"beneficiarios_personas","servicios",-0.0129009743486691,-0.0150272417532483,-0.0108711386772248
500,"beneficiarios_personas","vivienda",-0.0200406484916182,-0.0229225888853285,-0.0173511366495947
750,"personas","educacion",-0.0024247942163801,-0.00273680975805668,-0.00213218645107755
750,"personas","empleo",-0.0024470062897498,-0.00277371250907685,-0.0021350411641545
750,"personas","proteccion",-0.000865774174470726,-0.00105098720965938,-0.000692944795134049
750,"personas","servicios",-0.00159719247692003,-0.0018313330372271,-0.00137322659019175
750,"personas","vivienda",-0.00260922270625871,-0.00292923794625616,-0.00229674925875914
750,"beneficiarios_personas","educacion",-0.0236312311154319,-0.0266720299292683,-0.020779573980437
750,"beneficiarios_personas","empleo",-0.0238477025321841,-0.0270316717628976,-0.0208073950565654
750,"beneficiarios_personas","proteccion",-0.00843754470894155,-0.0102425688262737,-0.00675320754785298
750,"beneficiarios_personas","servicios",-0.0155657021544173,-0.0178475575204257,-0.0133830057443484
750,"beneficiarios_personas","vivienda",-0.0254286093173223,-0.0285473705077584,-0.0223833479069245
1000,"personas","educacion",-0.00281679631996044,-0.00315334290755894,-0.00250137278865389
1000,"personas","empleo",-0.00283383276338145,-0.00318193972993402,-0.00250075001815833
1000,"personas","proteccion",-0.00100175664934055,-0.00120014469080954,-0.000811901854713634
1000,"personas","servicios",-0.00177422058948919,-0.00202941399386202,-0.00153105316667419
1000,"personas","vivienda",-0.00300074811718352,-0.00333923455979646,-0.00267139377801654
1000,"beneficiarios_personas","educacion",-0.0274515521327229,-0.0307314222919823,-0.0243775401950508
1000,"beneficiarios_personas","empleo",-0.0276175835959899,-0.0310101173309871,-0.0243714708826889
1000,"beneficiarios_personas","proteccion",-0.00976278429817749,-0.0116962076075956,-0.00791252315028541
1000,"beneficiarios_personas","servicios",-0.0172909587612629,-0.0197779880840525,-0.014921130621016
1000,"beneficiarios_personas","vivienda",-0.0292442846478833,-0.0325430599834531,-0.0260345077294345
