"escenario","universo","indicador","d_incidencia_censurada_pp","d_incidencia_no_censurada_pp","d_contribucion_m0"
10,"personas","hh_calefaccion",-0.0193308054702748,-0.0175493567677087,-1.28872036468499e-05
10,"personas","hh_cuidados",-0.022430577111805,-0.0164079730970576,-1.49537180745367e-05
10,"personas","hh_desempleo",-0.0213815548103982,-0.0189035041034121,-1.42543698735988e-05
10,"personas","hh_escolaridad",-0.050520888771982,-0.0329576276428736,-3.36805925146547e-05
10,"personas","hh_hacinam",-0.0326358675309105,-0.0207310870498475,-2.1757245020607e-05
10,"personas","hh_informalidad",-0.0407208217858401,-0.0313233403979007,-2.71472145238934e-05
10,"personas","hh_internet",-0.0342495072171716,-0.0330215858476822,-2.28330048114477e-05
10,"personas","hh_no_asiste",-0.0118260634050026,-0.0105186726192566,-7.88404227000171e-06
10,"personas","hh_pensiones",-0.000753306163635293,-0.000511489163607615,-5.02204109090196e-07
10,"personas","hh_problemas_vivienda",-0.0429394637356236,-0.0385614475248286,-2.86263091570824e-05
10,"personas","hh_rezago",-0.0180475081471013,-0.0135423464431863,-1.20316720980675e-05
10,"personas","hh_saneamiento",-0.017543765301067,-0.017110454500787,-1.16958435340447e-05
10,"personas","hh_ss_menores",-0.00798652772336469,-0.00738635529813756,-5.32435181557646e-06
10,"personas","hh_subempleo",-0.0237382651183691,-0.0184692644880752,-1.58255100789128e-05
10,"personas","hh_tenencia",-0.0160710454352177,-0.0129179226568272,-1.07140302901451e-05
10,"beneficiarios_personas","hh_calefaccion",-0.188391546230871,-0.171030144703993,-0.000125594364153914
10,"beneficiarios_personas","hh_cuidados",-0.218600880932855,-0.159906602289412,-0.000145733920621903
10,"beneficiarios_personas","hh_desempleo",-0.208377461443347,-0.184227210433605,-0.000138918307628898
10,"beneficiarios_personas","hh_escolaridad",-0.492359636402477,-0.321193984456043,-0.000328239757601652
10,"beneficiarios_personas","hh_hacinam",-0.31805821832869,-0.20203822082702,-0.000212038812219126
10,"beneficiarios_personas","hh_informalidad",-0.396851470665443,-0.305266769134401,-0.000264567647110295
10,"beneficiarios_personas","hh_internet",-0.33378420946867,-0.321817299667432,-0.000222522806312447
10,"beneficiarios_personas","hh_no_asiste",-0.115252847281437,-0.102511455204763,-7.68352315209579e-05
10,"beneficiarios_personas","hh_pensiones",-0.00734146919903181,-0.00498480182631538,-4.89431279935454e-06
10,"beneficiarios_personas","hh_problemas_vivienda",-0.418473610937616,-0.375806933408645,-0.000278982407291744
10,"beneficiarios_personas","hh_rezago",-0.175884960959069,-0.131979166100922,-0.000117256640639379
10,"beneficiarios_personas","hh_saneamiento",-0.170975652145577,-0.166752750425893,-0.000113983768097051
10,"beneficiarios_personas","hh_ss_menores",-0.0778340203740615,-0.0719849412258834,-5.1889346916041e-05
10,"beneficiarios_personas","hh_subempleo",-0.231345169623929,-0.179995256793918,-0.000154230113082619
10,"beneficiarios_personas","hh_tenencia",-0.156623018308413,-0.125893741321472,-0.000104415345538942
20,"personas","hh_calefaccion",-0.0385583545706896,-0.0349468522736371,-2.57055697137931e-05
20,"personas","hh_cuidados",-0.044188329884643,-0.0327444738754975,-2.9458886589762e-05
20,"personas","hh_desempleo",-0.0420692754852455,-0.0374171845275016,-2.80461836568303e-05
20,"personas","hh_escolaridad",-0.100737897121844,-0.0653588114733924,-6.71585980812291e-05
20,"personas","hh_hacinam",-0.0643557655172952,-0.0403657636540922,-4.29038436781968e-05
20,"personas","hh_informalidad",-0.0805944620702582,-0.061846181539132,-5.37296413801721e-05
20,"personas","hh_internet",-0.068245094974126,-0.0654834956066119,-4.54967299827507e-05
20,"personas","hh_no_asiste",-0.0230183870086266,-0.0207746670523107,-1.53455913390844e-05
20,"personas","hh_pensiones",-0.00142571253582672,-0.000909068448654083,-9.5047502388448e-07
20,"personas","hh_problemas_vivienda",-0.0849926335677849,-0.0762798560633883,-5.66617557118566e-05
20,"personas","hh_rezago",-0.0359151698347619,-0.0268193768654089,-2.3943446556508e-05
20,"personas","hh_saneamiento",-0.0344557970412782,-0.0334328558666652,-2.29705313608521e-05
20,"personas","hh_ss_menores",-0.0157306625813665,-0.0148170429389343,-1.04871083875777e-05
20,"personas","hh_subempleo",-0.0465149372966243,-0.0366757300439906,-3.10099581977496e-05
20,"personas","hh_tenencia",-0.0313188170685742,-0.0252851973072537,-2.08792113790495e-05
20,"beneficiarios_personas","hh_calefaccion",-0.375776790515036,-0.340580300487536,-0.000250517860343357
20,"beneficiarios_personas","hh_cuidados",-0.430644641534916,-0.319116659334611,-0.000287096427689944
20,"beneficiarios_personas","hh_desempleo",-0.409993048125438,-0.364655330042055,-0.000273328698750292
20,"beneficiarios_personas","hh_escolaridad",-0.981757756137654,-0.636965054157637,-0.000654505170758436
20,"beneficiarios_personas","hh_hacinam",-0.627189704708266,-0.393391193205991,-0.00041812646980551
20,"beneficiarios_personas","hh_informalidad",-0.785446594577176,-0.602732141014431,-0.000523631063051451
20,"beneficiarios_personas","hh_internet",-0.665093805046988,-0.638180183898807,-0.000443395870031326
20,"beneficiarios_personas","hh_no_asiste",-0.224329479025796,-0.202462936913549,-0.000149552986017197
20,"beneficiarios_personas","hh_pensiones",-0.0138945161658239,-0.00885947618349328,-9.26301077721595e-06
20,"beneficiarios_personas","hh_problemas_vivienda",-0.828309698770206,-0.743397891626793,-0.000552206465846804
20,"beneficiarios_personas","hh_rezago",-0.350017198648005,-0.261372651253057,-0.00023334479909867
20,"beneficiarios_personas","hh_saneamiento",-0.335794640901282,-0.325825399325451,-0.000223863093934188
20,"beneficiarios_personas","hh_ss_menores",-0.153305761185005,-0.144401930593498,-0.000102203840790003
20,"beneficiarios_personas","hh_subempleo",-0.453318976988209,-0.357429363342258,-0.000302212651325473
20,"beneficiarios_personas","hh_tenencia",-0.305222686283988,-0.246421051869312,-0.000203481790855992
30,"personas","hh_calefaccion",-0.056809347520426,-0.0516873504491657,-3.78728983469507e-05
30,"personas","hh_cuidados",-0.064864607557991,-0.0485614605282394,-4.32430717053274e-05
30,"personas","hh_desempleo",-0.0625921314875177,-0.0557631209523401,-4.17280876583452e-05
30,"personas","hh_escolaridad",-0.1497995524226,-0.0977392734399948,-9.98663682817336e-05
30,"personas","hh_hacinam",-0.0965151787885391,-0.0602792891146777,-6.43434525256927e-05
30,"personas","hh_informalidad",-0.119707077737919,-0.0920822881841907,-7.98047184919462e-05
30,"personas","hh_internet",-0.100590930715412,-0.0968409792459991,-6.70606204769416e-05
30,"personas","hh_no_asiste",-0.0342267698245821,-0.0309103613592131,-2.28178465497214e-05
30,"personas","hh_pensiones",-0.00210560515737564,-0.00135703595052983,-1.40373677158376e-06
30,"personas","hh_problemas_vivienda",-0.127223337109895,-0.114628874296585,-8.48155580732636e-05
30,"personas","hh_rezago",-0.0535793652960886,-0.0397949417846587,-3.57195768640591e-05
30,"personas","hh_saneamiento",-0.0507247358124893,-0.0491364249128261,-3.38164905416596e-05
30,"personas","hh_ss_menores",-0.0233406672570215,-0.0217112655792472,-1.55604448380143e-05
30,"personas","hh_subempleo",-0.0690611147303938,-0.054293531193232,-4.60407431535959e-05
30,"personas","hh_tenencia",-0.0468270470201477,-0.0378409842616004,-3.12180313467651e-05
30,"beneficiarios_personas","hh_calefaccion",-0.553644846108308,-0.503727580657133,-0.000369096564072205
30,"beneficiarios_personas","hh_cuidados",-0.632148708562573,-0.473263705964672,-0.000421432472375049
30,"beneficiarios_personas","hh_desempleo",-0.610001919007041,-0.543448672898008,-0.000406667946004694
30,"beneficiarios_personas","hh_escolaridad",-1.45989619258141,-0.95253417552397,-0.000973264128387606
30,"beneficiarios_personas","hh_hacinam",-0.940604559633144,-0.587461733008188,-0.000627069706422096
30,"beneficiarios_personas","hh_informalidad",-1.16662502783465,-0.89740309467041,-0.000777750018556436
30,"beneficiarios_personas","hh_internet",-0.980325470835619,-0.943779701612509,-0.000653550313890413
30,"beneficiarios_personas","hh_no_asiste",-0.333562618467003,-0.301242013943578,-0.000222375078978002
30,"beneficiarios_personas","hh_pensiones",-0.0205205216078382,-0.0132252172008205,-1.36803477385588e-05
30,"beneficiarios_personas","hh_problemas_vivienda",-1.23987597059212,-1.11713456041161,-0.000826583980394748
30,"beneficiarios_personas","hh_rezago",-0.522166522741139,-0.3878281547299,-0.000348111015160759
30,"beneficiarios_personas","hh_saneamiento",-0.494346261285481,-0.478867116003976,-0.000329564174190321
30,"beneficiarios_personas","hh_ss_menores",-0.227470314228351,-0.211590712005924,-0.000151646876152234
30,"beneficiarios_personas","hh_subempleo",-0.673046459884606,-0.529126544031254,-0.000448697639923071
30,"beneficiarios_personas","hh_tenencia",-0.456360693666734,-0.368785540100911,-0.000304240462444489
40,"personas","hh_calefaccion",-0.0746416585070264,-0.0678992878403434,-4.97611056713509e-05
40,"personas","hh_cuidados",-0.0854194055100653,-0.063923058446802,-5.69462703400435e-05
40,"personas","hh_desempleo",-0.0826748406106922,-0.0736316278617024,-5.51165604071281e-05
40,"personas","hh_escolaridad",-0.198992170646361,-0.130275256199701,-0.000132661447097574
40,"personas","hh_hacinam",-0.127363578895316,-0.0798108951120736,-8.49090525968771e-05
40,"personas","hh_informalidad",-0.158671017979445,-0.121934562007043,-0.000105780678652963
40,"personas","hh_internet",-0.132068825938758,-0.127835565554559,-8.8045883959172e-05
40,"personas","hh_no_asiste",-0.0450662458762933,-0.0407641974489909,-3.00441639175289e-05
40,"personas","hh_pensiones",-0.0027698565333687,-0.00179295672111938,-1.8465710222458e-06
40,"personas","hh_problemas_vivienda",-0.168261562865082,-0.151445663483246,-0.000112174375243388
40,"personas","hh_rezago",-0.0707914414522358,-0.052642125886763,-4.71942943014905e-05
40,"personas","hh_saneamiento",-0.0663079768680468,-0.0644828088407589,-4.42053179120312e-05
40,"personas","hh_ss_menores",-0.0306289025325629,-0.0285074889429212,-2.04192683550419e-05
40,"personas","hh_subempleo",-0.0912297567080416,-0.0714950188577321,-6.08198378053611e-05
40,"personas","hh_tenencia",-0.061907316146168,-0.0500193472176323,-4.12715440974453e-05
40,"beneficiarios_personas","hh_calefaccion",-0.727432567721939,-0.661723684710764,-0.00048495504514796
40,"beneficiarios_personas","hh_cuidados",-0.832468874973071,-0.622972686736584,-0.000554979249982047
40,"beneficiarios_personas","hh_desempleo",-0.805721266037739,-0.717589147834147,-0.000537147510691826
40,"beneficiarios_personas","hh_escolaridad",-1.93931094974555,-1.26961895037556,-0.00129287396649703
40,"beneficiarios_personas","hh_hacinam",-1.24124271999334,-0.777810213824454,-0.000827495146662225
40,"beneficiarios_personas","hh_informalidad",-1.54635452025729,-1.18833334238525,-0.00103090301350486
40,"beneficiarios_personas","hh_internet",-1.28709847945848,-1.24584254366194,-0.000858065652972319
40,"beneficiarios_personas","hh_no_asiste",-0.439200516321517,-0.397274195329571,-0.000292800344214345
40,"beneficiarios_personas","hh_pensiones",-0.0269940927170062,-0.017473554815712,-1.79960618113375e-05
40,"beneficiarios_personas","hh_problemas_vivienda",-1.63982075388011,-1.47593863884469,-0.00109321383592007
40,"beneficiarios_personas","hh_rezago",-0.689909643734533,-0.513032501823962,-0.000459939762489688
40,"beneficiarios_personas","hh_saneamiento",-0.646215301727649,-0.628427826326242,-0.000430810201151766
40,"beneficiarios_personas","hh_ss_menores",-0.298499010625144,-0.277824425338859,-0.000198999340416762
40,"beneficiarios_personas","hh_subempleo",-0.889094608857485,-0.696766473136617,-0.000592729739238323
40,"beneficiarios_personas","hh_tenencia",-0.603327938389012,-0.487471780639391,-0.000402218625592674
50,"personas","hh_calefaccion",-0.0923520625174269,-0.0839227222157515,-6.15680416782846e-05
50,"personas","hh_cuidados",-0.106254696321131,-0.0790072100197596,-7.08364642140872e-05
50,"personas","hh_desempleo",-0.101887602975403,-0.0908615558432405,-6.79250686502689e-05
50,"personas","hh_escolaridad",-0.247505592859864,-0.162577660548933,-0.000165003728573243
50,"personas","hh_hacinam",-0.158722511486191,-0.0992148819206707,-0.000105815007657461
50,"personas","hh_informalidad",-0.197186321972253,-0.151358076223393,-0.000131457547981502
50,"personas","hh_internet",-0.162790814316309,-0.158027442026615,-0.000108527209544206
50,"personas","hh_no_asiste",-0.0561190428820908,-0.0507060666298484,-3.74126952547272e-05
50,"personas","hh_pensiones",-0.00350037886366165,-0.00220898227319312,-2.33358590910777e-06
50,"personas","hh_problemas_vivienda",-0.208524738896155,-0.187598377768774,-0.000139016492597437
50,"personas","hh_rezago",-0.0874532968569084,-0.0648204981309455,-5.83021979046056e-05
50,"personas","hh_saneamiento",-0.0815377666419045,-0.0794021886226471,-5.4358511094603e-05
50,"personas","hh_ss_menores",-0.0377618306424632,-0.0349229538622266,-2.51745537616422e-05
50,"personas","hh_subempleo",-0.113647200374944,-0.0887873260584823,-7.57648002499627e-05
50,"personas","hh_tenencia",-0.0760353269233949,-0.06163014844508,-5.06902179489299e-05
50,"beneficiarios_personas","hh_calefaccion",-0.90003222483521,-0.817882701599836,-0.000600021483223473
50,"beneficiarios_personas","hh_cuidados",-1.0355226307052,-0.769977768484473,-0.000690348420470133
50,"beneficiarios_personas","hh_desempleo",-0.992962403755461,-0.885506246729994,-0.000661974935836974
50,"beneficiarios_personas","hh_escolaridad",-2.41210649040768,-1.58442734838487,-0.00160807099360512
50,"beneficiarios_personas","hh_hacinam",-1.54685635870224,-0.966914960832342,-0.00103123757246816
50,"beneficiarios_personas","hh_informalidad",-1.9217117542802,-1.47508504278843,-0.00128114116952013
50,"beneficiarios_personas","hh_internet",-1.5865046735063,-1.54008244488739,-0.00105766978233753
50,"beneficiarios_personas","hh_no_asiste",-0.546917368643063,-0.494164317693426,-0.000364611579095375
50,"beneficiarios_personas","hh_pensiones",-0.0341135183183705,-0.0215280003041445,-2.27423455455803e-05
50,"beneficiarios_personas","hh_problemas_vivienda",-2.03221216252179,-1.82827086603339,-0.00135480810834786
50,"beneficiarios_personas","hh_rezago",-0.852290497837496,-0.631718832881643,-0.000568193665224998
50,"beneficiarios_personas","hh_saneamiento",-0.794639724531971,-0.773827097465643,-0.000529759816354647
50,"beneficiarios_personas","hh_ss_menores",-0.368014135478276,-0.340347394585866,-0.000245342756985518
50,"beneficiarios_personas","hh_subempleo",-1.1075674956415,-0.865291498979849,-0.000738378330427667
50,"beneficiarios_personas","hh_tenencia",-0.741014792647668,-0.600626754940991,-0.000494009861765112
75,"personas","hh_calefaccion",-0.133284486949498,-0.121876538930447,-8.88563246329989e-05
75,"personas","hh_cuidados",-0.156755206890767,-0.115886313408578,-0.000104503471260512
75,"personas","hh_desempleo",-0.147607056616665,-0.131973603819139,-9.84047044111099e-05
75,"personas","hh_escolaridad",-0.36489109736341,-0.242910902672628,-0.000243260731575607
75,"personas","hh_hacinam",-0.234150430515067,-0.146694282195934,-0.000156100287010045
75,"personas","hh_informalidad",-0.289811688320132,-0.223547133555989,-0.000193207792213421
75,"personas","hh_internet",-0.236613072180261,-0.231101251429679,-0.000157742048120174
75,"personas","hh_no_asiste",-0.0817070617623003,-0.073662483097888,-5.44713745082002e-05
75,"personas","hh_pensiones",-0.00512110540880587,-0.00326985625472419,-3.41407027253725e-06
75,"personas","hh_problemas_vivienda",-0.304620260465749,-0.275841362475092,-0.000203080173643833
75,"personas","hh_rezago",-0.128335741750776,-0.0943022490513547,-8.55571611671837e-05
75,"personas","hh_saneamiento",-0.116842194136093,-0.114141738663766,-7.78947960907289e-05
75,"personas","hh_ss_menores",-0.0555662864655113,-0.0512467112980878,-3.70441909770076e-05
75,"personas","hh_subempleo",-0.16499025765887,-0.128887327860384,-0.000109993505105913
75,"personas","hh_tenencia",-0.111256504724046,-0.0902434665755685,-7.41710031493642e-05
75,"beneficiarios_personas","hh_calefaccion",-1.29894590391568,-1.18776786894268,-0.000865963935943786
75,"beneficiarios_personas","hh_cuidados",-1.52768366798282,-1.12938914023053,-0.00101845577865521
75,"beneficiarios_personas","hh_desempleo",-1.43852886385731,-1.2861704766198,-0.000959019242571542
75,"beneficiarios_personas","hh_escolaridad",-3.55610624419546,-2.36732818098047,-0.0023707374961303
75,"beneficiarios_personas","hh_hacinam",-2.28195155774491,-1.42963327051301,-0.00152130103849661
75,"beneficiarios_personas","hh_informalidad",-2.82440750657622,-2.1786153821087,-0.00188293833771748
75,"beneficiarios_personas","hh_internet",-2.30595163740181,-2.25223528112548,-0.00153730109160121
75,"beneficiarios_personas","hh_no_asiste",-0.796289617990872,-0.717889852616639,-0.000530859745327248
75,"beneficiarios_personas","hh_pensiones",-0.0499085756079722,-0.0318669222928876,-3.32723837386481e-05
75,"beneficiarios_personas","hh_problemas_vivienda",-2.96872688365929,-2.68825739677643,-0.00197915125577286
75,"beneficiarios_personas","hh_rezago",-1.25071709310262,-0.919038088668988,-0.000833811395401745
75,"beneficiarios_personas","hh_saneamiento",-1.13870483318217,-1.11238709992777,-0.000759136555454777
75,"beneficiarios_personas","hh_ss_menores",-0.541530390011025,-0.499433259288628,-0.00036102026000735
75,"beneficiarios_personas","hh_subempleo",-1.60793971059201,-1.25609266631545,-0.00107195980706134
75,"beneficiarios_personas","hh_tenencia",-1.08426857770802,-0.879482556044963,-0.000722845718472012
100,"personas","hh_calefaccion",-0.171857284594321,-0.157079298328523,-0.00011457152306288
100,"personas","hh_cuidados",-0.204815543831433,-0.150568509119942,-0.000136543695887622
100,"personas","hh_desempleo",-0.191665788936438,-0.171721584714528,-0.000127777192624292
100,"personas","hh_escolaridad",-0.480615787663961,-0.323244999306175,-0.000320410525109308
100,"personas","hh_hacinam",-0.306790604032581,-0.191996762893764,-0.000204527069355054
100,"personas","hh_informalidad",-0.379401157637934,-0.293011697682588,-0.000252934105091956
100,"personas","hh_internet",-0.306173620054826,-0.300409384524418,-0.000204115746703217
100,"personas","hh_no_asiste",-0.105395728156638,-0.0950211426171371,-7.02638187710922e-05
100,"personas","hh_pensiones",-0.00689161267000334,-0.00438500090002179,-4.5944084466689e-06
100,"personas","hh_problemas_vivienda",-0.396571762201797,-0.361480794983953,-0.000264381174801198
100,"personas","hh_rezago",-0.168054307073317,-0.123489268377953,-0.000112036204715545
100,"personas","hh_saneamiento",-0.149926892966882,-0.146277504303665,-9.99512619779216e-05
100,"personas","hh_ss_menores",-0.0712807690885891,-0.0659411134969274,-4.75205127257261e-05
100,"personas","hh_subempleo",-0.216033530595075,-0.168227029521272,-0.00014402235373005
100,"personas","hh_tenencia",-0.144567007783284,-0.116978581339028,-9.63780051888563e-05
100,"beneficiarios_personas","hh_calefaccion",-1.67486345178676,-1.53084215442938,-0.00111657563452451
100,"beneficiarios_personas","hh_cuidados",-1.9960635915484,-1.46739018663249,-0.00133070906103227
100,"beneficiarios_personas","hh_desempleo",-1.86791049099424,-1.67354096627436,-0.00124527366066283
100,"beneficiarios_personas","hh_escolaridad",-4.68392025982631,-3.15023734134247,-0.00312261350655087
100,"beneficiarios_personas","hh_hacinam",-2.98987832409132,-1.87113605216803,-0.00199325221606088
100,"beneficiarios_personas","hh_informalidad",-3.69751642470884,-2.8555937244849,-0.0024650109498059
100,"beneficiarios_personas","hh_internet",-2.98386540519109,-2.92768909913482,-0.00198924360346073
100,"beneficiarios_personas","hh_no_asiste",-1.02715141508665,-0.926044184231917,-0.000684767610057769
100,"beneficiarios_personas","hh_pensiones",-0.0671633455172177,-0.0427347479673914,-4.47755636781451e-05
100,"beneficiarios_personas","hh_problemas_vivienda",-3.86485537747412,-3.52287058107895,-0.00257657025164941
100,"beneficiarios_personas","hh_rezago",-1.63780090845069,-1.20348498920106,-0.00109186727230046
100,"beneficiarios_personas","hh_saneamiento",-1.46113721081379,-1.42557149296937,-0.000974091473875857
100,"beneficiarios_personas","hh_ss_menores",-0.694678466749582,-0.642639974364963,-0.000463118977833055
100,"beneficiarios_personas","hh_subempleo",-2.10539032784244,-1.6394842034944,-0.00140359355189496
100,"beneficiarios_personas","hh_tenencia",-1.40890156761151,-1.14003401711537,-0.000939267711741004
125,"personas","hh_calefaccion",-0.208285048882608,-0.1906424390832,-0.000138856699255072
125,"personas","hh_cuidados",-0.250537458832595,-0.184188725559857,-0.000167024972555063
125,"personas","hh_desempleo",-0.233390957019455,-0.209296407733463,-0.000155593971346303
125,"personas","hh_escolaridad",-0.591067009733796,-0.402728663585601,-0.000394044673155864
125,"personas","hh_hacinam",-0.375786998929819,-0.235810984649845,-0.000250524665953213
125,"personas","hh_informalidad",-0.4645284786771,-0.360321067215931,-0.0003096856524514
125,"personas","hh_internet",-0.370057538235136,-0.364583603850719,-0.000246705025490091
125,"personas","hh_no_asiste",-0.128065280094397,-0.115810958643024,-8.53768533962649e-05
125,"personas","hh_pensiones",-0.00850431425305715,-0.00532409793946095,-5.66954283537143e-06
125,"personas","hh_problemas_vivienda",-0.48440804665921,-0.442413531497883,-0.000322938697772807
125,"personas","hh_rezago",-0.205806719531104,-0.150955917880117,-0.000137204479687403
125,"personas","hh_saneamiento",-0.179816319392005,-0.175691330978973,-0.000119877546261337
125,"personas","hh_ss_menores",-0.0859182813652021,-0.0795727747959718,-5.72788542434681e-05
125,"personas","hh_subempleo",-0.263336372416199,-0.205066119557446,-0.000175557581610799
125,"personas","hh_tenencia",-0.176340962805973,-0.142899673298592,-0.000117560641870648
125,"beneficiarios_personas","hh_calefaccion",-2.02987622404588,-1.85793726657361,-0.00135325081603059
125,"beneficiarios_personas","hh_cuidados",-2.44165403923826,-1.79504153926089,-0.00162776935949218
125,"beneficiarios_personas","hh_desempleo",-2.27454998379706,-2.03973258817928,-0.00151636665586471
125,"beneficiarios_personas","hh_escolaridad",-5.76034082289194,-3.92485847323076,-0.0038402272152613
125,"beneficiarios_personas","hh_hacinam",-3.66229404619014,-2.29813476136423,-0.00244152936412676
125,"beneficiarios_personas","hh_informalidad",-4.52713874239865,-3.51156826324432,-0.00301809249493243
125,"beneficiarios_personas","hh_internet",-3.60645664401876,-3.55310951555935,-0.00240430442934584
125,"beneficiarios_personas","hh_no_asiste",-1.24808126451702,-1.12865475796071,-0.000832054176344678
125,"beneficiarios_personas","hh_pensiones",-0.0828801942179956,-0.0518868727245736,-5.52534628119971e-05
125,"beneficiarios_personas","hh_problemas_vivienda",-4.72087834400555,-4.31161388492113,-0.00314725222933703
125,"beneficiarios_personas","hh_rezago",-2.00572325746014,-1.47116574246563,-0.00133714883830676
125,"beneficiarios_personas","hh_saneamiento",-1.75242953532874,-1.71222878184692,-0.00116828635688583
125,"beneficiarios_personas","hh_ss_menores",-0.837330751725749,-0.775489573093349,-0.000558220501150499
125,"beneficiarios_personas","hh_subempleo",-2.56638795804978,-1.99850561852675,-0.00171092530536652
125,"beneficiarios_personas","hh_tenencia",-1.71855987573524,-1.39265228497617,-0.00114570658382349
150,"personas","hh_calefaccion",-0.242551794907233,-0.222782867374684,-0.000161701196604822
150,"personas","hh_cuidados",-0.295107002280984,-0.217034496005445,-0.000196738001520656
150,"personas","hh_desempleo",-0.273525185656198,-0.245091686120698,-0.000182350123770798
150,"personas","hh_escolaridad",-0.697420652722924,-0.480738140471389,-0.000464947101815282
150,"personas","hh_hacinam",-0.442916587020776,-0.278798542429108,-0.000295277724680517
150,"personas","hh_informalidad",-0.546364209189213,-0.425624920702415,-0.000364242806126142
150,"personas","hh_internet",-0.430021364603936,-0.425941720941974,-0.000286680909735957
150,"personas","hh_no_asiste",-0.148635078409638,-0.134480512809939,-9.90900522730922e-05
150,"personas","hh_pensiones",-0.0101223007937839,-0.00636550395740232,-6.74820052918928e-06
150,"personas","hh_problemas_vivienda",-0.568239772863851,-0.521447797900246,-0.000378826515242567
150,"personas","hh_rezago",-0.242267113092336,-0.17725499112703,-0.000161511408728224
150,"personas","hh_saneamiento",-0.208155767114857,-0.203867112200673,-0.000138770511409905
150,"personas","hh_ss_menores",-0.0999911576806596,-0.0929404111269815,-6.66607717871064e-05
150,"personas","hh_subempleo",-0.309354607284919,-0.24070118663554,-0.000206236404856613
150,"personas","hh_tenencia",-0.206195493649413,-0.167333741640432,-0.000137463662432942
150,"beneficiarios_personas","hh_calefaccion",-2.3638284371498,-2.17116710025363,-0.00157588562476654
150,"beneficiarios_personas","hh_cuidados",-2.87601386029991,-2.115145400991,-0.00191734257353327
150,"beneficiarios_personas","hh_desempleo",-2.66568471438477,-2.38858136499333,-0.00177712314292318
150,"beneficiarios_personas","hh_escolaridad",-6.79682775463504,-4.68511266924827,-0.00453121850309002
150,"beneficiarios_personas","hh_hacinam",-4.31651649531382,-2.71707708071959,-0.00287767766354255
150,"beneficiarios_personas","hh_informalidad",-5.3246823228675,-4.14799771529539,-0.003549788215245
150,"beneficiarios_personas","hh_internet",-4.19084398291722,-4.15108514416993,-0.00279389598861148
150,"beneficiarios_personas","hh_no_asiste",-1.44854761943556,-1.31060197078402,-0.000965698412957039
150,"beneficiarios_personas","hh_pensiones",-0.0986485483435892,-0.062036066470059,-6.57656988957261e-05
150,"beneficiarios_personas","hh_problemas_vivienda",-5.53787422900271,-5.08185533583528,-0.00369191615266848
150,"beneficiarios_personas","hh_rezago",-2.36105402366896,-1.72746768917155,-0.00157403601577931
150,"beneficiarios_personas","hh_saneamiento",-2.0286162873007,-1.98682049499519,-0.00135241085820047
150,"beneficiarios_personas","hh_ss_menores",-0.974480284013042,-0.905766073041753,-0.000649653522675361
150,"beneficiarios_personas","hh_subempleo",-3.01486623977812,-2.34579302965952,-0.00200991082651875
150,"beneficiarios_personas","hh_tenencia",-2.00951211961569,-1.63077851943176,-0.00133967474641046
200,"personas","hh_calefaccion",-0.304400948654546,-0.281444875848078,-0.000202933965769698
200,"personas","hh_cuidados",-0.377089466995764,-0.276775351031718,-0.000251392977997176
200,"personas","hh_desempleo",-0.346590867927515,-0.312386631156209,-0.000231060578618343
200,"personas","hh_escolaridad",-0.89890265145119,-0.634866472618625,-0.000599268434300793
200,"personas","hh_hacinam",-0.570127728788976,-0.360281471830061,-0.000380085152525984
200,"personas","hh_informalidad",-0.700037291924529,-0.549844070528271,-0.000466691527949686
200,"personas","hh_internet",-0.539030898518967,-0.538916700707738,-0.000359353932345978
200,"personas","hh_no_asiste",-0.187921075983945,-0.17069399017648,-0.00012528071732263
200,"personas","hh_pensiones",-0.0132109266546329,-0.0082338711729801,-8.80728443642196e-06
200,"personas","hh_problemas_vivienda",-0.722088234458184,-0.668655018211277,-0.000481392156305456
200,"personas","hh_rezago",-0.310708429535353,-0.228108683622,-0.000207138953023569
200,"personas","hh_saneamiento",-0.257773411108591,-0.25358494747458,-0.000171848940739061
200,"personas","hh_ss_menores",-0.124970319714861,-0.116344544316831,-8.33135464765741e-05
200,"personas","hh_subempleo",-0.395912043443281,-0.308591929377361,-0.000263941362295521
200,"personas","hh_tenencia",-0.261828106798127,-0.21276758465174,-0.000174552071198752
200,"beneficiarios_personas","hh_calefaccion",-2.96658954430824,-2.74286735859543,-0.00197772636287216
200,"beneficiarios_personas","hh_cuidados",-3.6749874630908,-2.6973597359736,-0.00244999164206053
200,"beneficiarios_personas","hh_desempleo",-3.37775834632284,-3.0444153274351,-0.00225183889754856
200,"beneficiarios_personas","hh_escolaridad",-8.76040373373596,-6.18719569707931,-0.00584026915582398
200,"beneficiarios_personas","hh_hacinam",-5.55627361419631,-3.5111823798946,-0.0037041824094642
200,"beneficiarios_personas","hh_informalidad",-6.82232864262839,-5.35859588427301,-0.00454821909508559
200,"beneficiarios_personas","hh_internet",-5.25321433679298,-5.25210140322864,-0.00350214289119532
200,"beneficiarios_personas","hh_no_asiste",-1.83141577459995,-1.66352637457931,-0.0012209438497333
200,"beneficiarios_personas","hh_pensiones",-0.12874926000554,-0.0802445466707943,-8.58328400036932e-05
200,"beneficiarios_personas","hh_problemas_vivienda",-7.03722973229852,-6.51648752916981,-0.00469148648819901
200,"beneficiarios_personas","hh_rezago",-3.02806013733573,-2.22307071903021,-0.00201870675822382
200,"beneficiarios_personas","hh_saneamiento",-2.5121732030581,-2.47135384136329,-0.00167478213537207
200,"beneficiarios_personas","hh_ss_menores",-1.21791881876065,-1.13385490496389,-0.000811945879173765
200,"beneficiarios_personas","hh_subempleo",-3.85842597973456,-3.00743343670626,-0.00257228398648971
200,"beneficiarios_personas","hh_tenencia",-2.55168890723411,-2.07356151413276,-0.00170112593815608
250,"personas","hh_calefaccion",-0.359159593275602,-0.33345616912459,-0.000239439728850401
250,"personas","hh_cuidados",-0.453798398462774,-0.333488714804179,-0.000302532265641849
250,"personas","hh_desempleo",-0.412503364632543,-0.373277312782,-0.000275002243088362
250,"personas","hh_escolaridad",-1.08519306256888,-0.784357008271841,-0.000723462041712589
250,"personas","hh_hacinam",-0.688969828928985,-0.437698736235658,-0.00045931321928599
250,"personas","hh_informalidad",-0.841632750984869,-0.666398397013822,-0.000561088500656579
250,"personas","hh_internet",-0.634751949722126,-0.640411647117896,-0.000423167966481418
250,"personas","hh_no_asiste",-0.222931533512669,-0.202889878015003,-0.000148621022341779
250,"personas","hh_pensiones",-0.0159623740735766,-0.00990827394025453,-1.06415827157178e-05
250,"personas","hh_problemas_vivienda",-0.862520529134792,-0.806068283139239,-0.000575013686089861
250,"personas","hh_rezago",-0.374080087635558,-0.274373899702463,-0.000249386725090372
250,"personas","hh_saneamiento",-0.301186821303228,-0.297646949223353,-0.000200791214202152
250,"personas","hh_ss_menores",-0.147405252969282,-0.137424401420493,-9.82701686461883e-05
250,"personas","hh_subempleo",-0.475367388151626,-0.371701429427796,-0.000316911592101084
250,"personas","hh_tenencia",-0.312750039335318,-0.254270199359006,-0.000208500026223545
250,"beneficiarios_personas","hh_calefaccion",-3.50024892780008,-3.24975197739192,-0.00233349928520005
250,"beneficiarios_personas","hh_cuidados",-4.42256697968206,-3.25006915666882,-0.00294837798645471
250,"beneficiarios_personas","hh_desempleo",-4.02011943103252,-3.6378354867851,-0.00268007962068834
250,"beneficiarios_personas","hh_escolaridad",-10.5759275955023,-7.6440803158758,-0.00705061839700152
250,"beneficiarios_personas","hh_hacinam",-6.71446886049,-4.26566507171836,-0.00447631257366
250,"beneficiarios_personas","hh_informalidad",-8.20227049309429,-6.49449525588873,-0.00546818032872953
250,"beneficiarios_personas","hh_internet",-6.18607959534297,-6.24123710780294,-0.00412405306356198
250,"beneficiarios_personas","hh_no_asiste",-2.17261595056928,-1.9772966984027,-0.00144841063371285
250,"beneficiarios_personas","hh_pensiones",-0.155563943668091,-0.0965627144173551,-0.000103709295778728
250,"beneficiarios_personas","hh_problemas_vivienda",-8.40583577282577,-7.85567111840092,-0.00560389051521718
250,"beneficiarios_personas","hh_rezago",-3.64565906124348,-2.67395599680648,-0.00243043937416232
250,"beneficiarios_personas","hh_saneamiento",-2.93526573721552,-2.90076733125863,-0.00195684382481035
250,"beneficiarios_personas","hh_ss_menores",-1.43656215319831,-1.33929212175194,-0.00095770810213221
250,"beneficiarios_personas","hh_subempleo",-4.63277111858196,-3.62247745619323,-0.00308851407905464
250,"beneficiarios_personas","hh_tenencia",-3.04795698165538,-2.47803207638372,-0.00203197132110359
300,"personas","hh_calefaccion",-0.407342385193351,-0.380232001282508,-0.0002715615901289
300,"personas","hh_cuidados",-0.523627884737024,-0.385960421704327,-0.000349085256491349
300,"personas","hh_desempleo",-0.472591178523269,-0.429858311120721,-0.00031506078568218
300,"personas","hh_escolaridad",-1.25913762679951,-0.929574836765398,-0.000839425084533006
300,"personas","hh_hacinam",-0.799701144467337,-0.511093033274056,-0.000533134096311558
300,"personas","hh_informalidad",-0.974641593489972,-0.777730265791574,-0.000649761062326648
300,"personas","hh_internet",-0.719762620878314,-0.731607882890539,-0.000479841747252209
300,"personas","hh_no_asiste",-0.254682082395927,-0.231831207182787,-0.000169788054930618
300,"personas","hh_pensiones",-0.0186092647815808,-0.0116820506304518,-1.24061765210539e-05
300,"personas","hh_problemas_vivienda",-0.991398977523233,-0.932531524447434,-0.000660932651682155
300,"personas","hh_rezago",-0.432082460943791,-0.317792093294643,-0.000288054973962528
300,"personas","hh_saneamiento",-0.338465872455488,-0.335855447026612,-0.000225643914970325
300,"personas","hh_ss_menores",-0.167012956784279,-0.156189539944899,-0.000111341971189519
300,"personas","hh_subempleo",-0.550133990860088,-0.430706532895007,-0.000366755993906726
300,"personas","hh_tenencia",-0.358561807905071,-0.292728789904449,-0.000239041205270047
300,"beneficiarios_personas","hh_calefaccion",-3.96982225649883,-3.70561354818971,-0.00264654817099922
300,"beneficiarios_personas","hh_cuidados",-5.10310173090814,-3.76144081221068,-0.00340206782060543
300,"beneficiarios_personas","hh_desempleo",-4.60571511073214,-4.18925491836073,-0.00307047674048809
300,"beneficiarios_personas","hh_escolaridad",-12.2711329745152,-9.05932456383323,-0.00818075531634348
300,"beneficiarios_personas","hh_hacinam",-7.79361912055166,-4.98094127295341,-0.00519574608036777
300,"beneficiarios_personas","hh_informalidad",-9.49853005871075,-7.57949830638577,-0.00633235337247383
300,"beneficiarios_personas","hh_internet",-7.01456508239963,-7.13000503286752,-0.00467637672159975
300,"beneficiarios_personas","hh_no_asiste",-2.48204615030894,-2.25934918505564,-0.00165469743353929
300,"beneficiarios_personas","hh_pensiones",-0.181359652695933,-0.11384934708501,-0.000120906435130622
300,"beneficiarios_personas","hh_problemas_vivienda",-9.661841902786,-9.0881394502588,-0.00644122793519067
300,"beneficiarios_personas","hh_rezago",-4.21093073651852,-3.09709514835192,-0.00280728715767902
300,"beneficiarios_personas","hh_saneamiento",-3.29857486571477,-3.27313453506623,-0.00219904991047651
300,"beneficiarios_personas","hh_ss_menores",-1.62765225782041,-1.52217086766274,-0.0010851015052136
300,"beneficiarios_personas","hh_subempleo",-5.36142135058267,-4.19752140326485,-0.00357428090038845
300,"beneficiarios_personas","hh_tenencia",-3.4944231120863,-2.85283660017126,-0.00232961540805754
500,"personas","hh_calefaccion",-0.558222400307029,-0.53380635097729,-0.000372148266871353
500,"personas","hh_cuidados",-0.760484733717083,-0.567263356035431,-0.000506989822478055
500,"personas","hh_desempleo",-0.66765460080179,-0.616446946176839,-0.000445103067201194
500,"personas","hh_escolaridad",-1.84177679162387,-1.47743517195989,-0.00122785119441591
500,"personas","hh_hacinam",-1.17220530230794,-0.769072390545183,-0.000781470201538625
500,"personas","hh_informalidad",-1.41203548333585,-1.16916242058863,-0.000941356988890567
500,"personas","hh_internet",-0.977260136762444,-1.02683036474753,-0.000651506757841629
500,"personas","hh_no_asiste",-0.35584919424365,-0.326063860121939,-0.000237232796162433
500,"personas","hh_pensiones",-0.0276766360101969,-0.0176907317074983,-1.84510906734646e-05
500,"personas","hh_problemas_vivienda",-1.40084353125825,-1.35948394478157,-0.000933895687505499
500,"personas","hh_rezago",-0.633576255623279,-0.467321490569834,-0.000422384170415519
500,"personas","hh_saneamiento",-0.450165682029825,-0.45376659583523,-0.00030011045468655
500,"personas","hh_ss_menores",-0.229807309885954,-0.217057029058722,-0.000153204873257303
500,"personas","hh_subempleo",-0.794232847990314,-0.630006067019951,-0.000529488565326876
500,"personas","hh_tenencia",-0.511499427013992,-0.421407478038632,-0.000340999618009328
500,"beneficiarios_personas","hh_calefaccion",-5.44024827606184,-5.2022976488543,-0.00362683218404122
500,"beneficiarios_personas","hh_cuidados",-7.41142913523388,-5.52835839809982,-0.00494095275682258
500,"beneficiarios_personas","hh_desempleo",-6.50673779665405,-6.00768517060154,-0.00433782519776937
500,"beneficiarios_personas","hh_escolaridad",-17.949338847763,-14.398587628922,-0.0119662258985087
500,"beneficiarios_personas","hh_hacinam",-11.4239196986073,-7.49512155823372,-0.00761594646573818
500,"beneficiarios_personas","hh_informalidad",-13.761224199765,-11.3942647940055,-0.00917414946651001
500,"beneficiarios_personas","hh_internet",-9.52404950314011,-10.0071443183814,-0.00634936633542674
500,"beneficiarios_personas","hh_no_asiste",-3.46798688919907,-3.17770901335882,-0.00231199125946605
500,"beneficiarios_personas","hh_pensiones",-0.269727211338797,-0.172407937447612,-0.000179818140892531
500,"beneficiarios_personas","hh_problemas_vivienda",-13.6521511887887,-13.2490745316989,-0.0091014341258591
500,"beneficiarios_personas","hh_rezago",-6.17462167500349,-4.55435849948132,-0.00411641445000232
500,"beneficiarios_personas","hh_saneamiento",-4.3871637438017,-4.42225704194117,-0.00292477582920113
500,"beneficiarios_personas","hh_ss_menores",-2.23962496085045,-2.11536500057027,-0.00149308330723363
500,"beneficiarios_personas","hh_subempleo",-7.74032693724666,-6.13982781437771,-0.00516021795816444
500,"beneficiarios_personas","hh_tenencia",-4.98490185003141,-4.1068959336965,-0.00332326790002094
750,"personas","hh_calefaccion",-0.681672221909521,-0.670054788942568,-0.000454448147939681
750,"personas","hh_cuidados",-0.980252908909435,-0.745008111341891,-0.000653501939272957
750,"personas","hh_desempleo",-0.840735729267501,-0.79219813928622,-0.000560490486178334
750,"personas","hh_escolaridad",-2.3731398481536,-2.07121329067472,-0.0015820932321024
750,"personas","hh_hacinam",-1.51987477529642,-1.03425390051239,-0.00101324985019761
750,"personas","hh_informalidad",-1.80950254894716,-1.55865720649955,-0.00120633503263144
750,"personas","hh_internet",-1.17772688490477,-1.28003453520144,-0.000785151256603178
750,"personas","hh_no_asiste",-0.443000171087733,-0.410839281000549,-0.000295333447391822
750,"personas","hh_pensiones",-0.03708121354517,-0.02393971581603,-2.47208090301134e-05
750,"personas","hh_problemas_vivienda",-1.74910968432734,-1.75206478373563,-0.00116607312288489
750,"personas","hh_rezago",-0.821051305328816,-0.613919993357115,-0.000547367536885878
750,"personas","hh_saneamiento",-0.536389608565755,-0.551070580098874,-0.00035759307237717
750,"personas","hh_ss_menores",-0.281327139251483,-0.269881407035923,-0.000187551426167655
750,"personas","hh_subempleo",-1.02027115641004,-0.823052818182781,-0.000680180770940027
750,"personas","hh_tenencia",-0.644849599764304,-0.541270345926022,-0.000429899733176203
750,"beneficiarios_personas","hh_calefaccion",-6.64334883022038,-6.53012922520996,-0.00442889922014692
750,"beneficiarios_personas","hh_cuidados",-9.55321605665778,-7.26059916468882,-0.00636881070443852
750,"beneficiarios_personas","hh_desempleo",-8.19352842031323,-7.72049734869263,-0.00546235228020882
750,"beneficiarios_personas","hh_escolaridad",-23.1278249684541,-20.1853500105907,-0.0154185499789694
750,"beneficiarios_personas","hh_hacinam",-14.8121897680717,-10.079491607965,-0.00987479317871447
750,"beneficiarios_personas","hh_informalidad",-17.6348049039682,-15.1901503342874,-0.0117565366026455
750,"beneficiarios_personas","hh_internet",-11.4777311905628,-12.4747872346203,-0.00765182079370855
750,"beneficiarios_personas","hh_no_asiste",-4.31733107759487,-4.00390183011719,-0.00287822071839658
750,"beneficiarios_personas","hh_pensiones",-0.36138106953866,-0.233308440553326,-0.000240920713025773
750,"beneficiarios_personas","hh_problemas_vivienda",-17.0462363021821,-17.0750357098244,-0.011364157534788
750,"beneficiarios_personas","hh_rezago",-8.00169062709891,-5.98305833600365,-0.00533446041806594
750,"beneficiarios_personas","hh_saneamiento",-5.22747321084275,-5.37054903515585,-0.00348498214056183
750,"beneficiarios_personas","hh_ss_menores",-2.74171993721588,-2.63017367013717,-0.00182781329147726
750,"beneficiarios_personas","hh_subempleo",-9.94322047399474,-8.02119670003204,-0.00662881364932983
750,"beneficiarios_personas","hh_tenencia",-6.28448790572968,-5.27503924007321,-0.00418965860381979
1000,"personas","hh_calefaccion",-0.763489691917619,-0.768879726437959,-0.000508993127945079
1000,"personas","hh_cuidados",-1.14193554469337,-0.888249551428768,-0.000761290363128915
1000,"personas","hh_desempleo",-0.966509455430159,-0.929372847355004,-0.000644339636953439
1000,"personas","hh_escolaridad",-2.76007126240642,-2.58246980468691,-0.00184004750827094
1000,"personas","hh_hacinam",-1.77411859630781,-1.25143086745939,-0.00118274573087187
1000,"personas","hh_informalidad",-2.09778950375826,-1.87211853240534,-0.00139852633583884
1000,"personas","hh_internet",-1.30610379173886,-1.45958747979595,-0.000870735861159239
1000,"personas","hh_no_asiste",-0.504709370982294,-0.472654653744249,-0.000336472913988196
1000,"personas","hh_pensiones",-0.0440883243674816,-0.0289588837723564,-2.93922162449877e-05
1000,"personas","hh_problemas_vivienda",-1.98581404045138,-2.04262501339816,-0.00132387602696759
1000,"personas","hh_rezago",-0.960413846551951,-0.731066179373135,-0.0006402758977013
1000,"personas","hh_saneamiento",-0.591737400577314,-0.618153430216174,-0.000394491600384876
1000,"personas","hh_ss_menores",-0.316611104949971,-0.307278278378133,-0.000211074069966647
1000,"personas","hh_subempleo",-1.18645018588376,-0.977687475281909,-0.000790966790589172
1000,"personas","hh_tenencia",-0.741189539016084,-0.634207218267637,-0.000494126359344056
1000,"beneficiarios_personas","hh_calefaccion",-7.44071444994198,-7.49324391846755,-0.00496047629996132
1000,"beneficiarios_personas","hh_cuidados",-11.1289207938896,-8.6565821941492,-0.00741928052925973
1000,"beneficiarios_personas","hh_desempleo",-9.41927696883786,-9.05735604279024,-0.00627951797922524
1000,"beneficiarios_personas","hh_escolaridad",-26.8987287483548,-25.1678845119838,-0.0179324858322365
1000,"beneficiarios_personas","hh_hacinam",-17.2899647699273,-12.1960254829652,-0.0115266431799516
1000,"beneficiarios_personas","hh_informalidad",-20.4443528691871,-18.2450392762809,-0.0136295685794581
1000,"beneficiarios_personas","hh_internet",-12.72884946476,-14.2246500075131,-0.00848589964317331
1000,"beneficiarios_personas","hh_no_asiste",-4.91872824144729,-4.60633371894512,-0.00327915216096486
1000,"beneficiarios_personas","hh_pensiones",-0.42967002130822,-0.282223567940996,-0.000286446680872146
1000,"beneficiarios_personas","hh_problemas_vivienda",-19.3530775622817,-19.9067382492501,-0.0129020517081878
1000,"beneficiarios_personas","hh_rezago",-9.3598712092822,-7.12472577208352,-0.00623991413952147
1000,"beneficiarios_personas","hh_saneamiento",-5.76687422719233,-6.02431599166499,-0.00384458281812822
1000,"beneficiarios_personas","hh_ss_menores",-3.08558563206842,-2.99463103468877,-0.00205705708804561
1000,"beneficiarios_personas","hh_subempleo",-11.5627455559599,-9.52821420101418,-0.00770849703730658
1000,"beneficiarios_personas","hh_tenencia",-7.22338463961591,-6.18077082529975,-0.00481558975974394
