"quintil","escenario","H_pct","A_pct","M0","personas_expandidas","ingreso_eq_min","ingreso_eq_max","H_pct_base","A_pct_base","M0_base","dH_pp","dA_pp","dM0"
1,0,47.1394813029425,36.0317295469037,0.169851704128895,717760,0,31466.2517628014,47.1394813029425,36.0317295469037,0.169851704128895,0,0,0
1,10,46.9511915310596,35.9761951315255,0.168912522817903,717760,0,31466.2517628014,47.1394813029425,36.0317295469037,0.169851704128895,-0.188289771882886,-0.0555344153782542,-0.000939181310992215
1,20,46.7622971931193,35.9239793774419,0.167988780000743,717760,0,31466.2517628014,47.1394813029425,36.0317295469037,0.169851704128895,-0.377184109823148,-0.107750169461781,-0.00186292412815178
1,30,46.5768677552385,35.8734615574682,0.167087347488483,717760,0,31466.2517628014,47.1394813029425,36.0317295469037,0.169851704128895,-0.562613547703968,-0.158267989435572,-0.00276435664041216
1,40,46.3914622807995,35.8258985807134,0.166201582268291,717760,0,31466.2517628014,47.1394813029425,36.0317295469037,0.169851704128895,-0.748019022142962,-0.205830966190327,-0.00365012186060337
1,50,46.2083250668747,35.7797865229735,0.165332400647694,717760,0,31466.2517628014,47.1394813029425,36.0317295469037,0.169851704128895,-0.931156236067764,-0.251943023930274,-0.00451930348120078
1,75,45.760234851018,35.6734257628976,0.163242434085055,717760,0,31466.2517628014,47.1394813029425,36.0317295469037,0.169851704128895,-1.3792464519245,-0.358303784006175,-0.0066092700438401
1,100,45.3201239039976,35.5807706274308,0.161252493343488,717760,0,31466.2517628014,47.1394813029425,36.0317295469037,0.169851704128895,-1.81935739894486,-0.45095891947291,-0.00859921078540646
1,125,44.8950906524001,35.4971607782037,0.159364825104027,717760,0,31466.2517628014,47.1394813029425,36.0317295469037,0.169851704128895,-2.24439065054243,-0.534568768700062,-0.0104868790248675
1,150,44.4844704358003,35.4215186587554,0.157570749956655,717760,0,31466.2517628014,47.1394813029425,36.0317295469037,0.169851704128895,-2.65501086714222,-0.610210888148316,-0.0122809541722396
1,200,43.7107289344628,35.2917189091038,0.154262675886709,717760,0,31466.2517628014,47.1394813029425,36.0317295469037,0.169851704128895,-3.42875236847971,-0.740010637799877,-0.0155890282421856
1,250,42.9822794527419,35.1870354366967,0.151241899025363,717760,0,31466.2517628014,47.1394813029425,36.0317295469037,0.169851704128895,-4.15720185020062,-0.844694110207016,-0.018609805103532
1,300,42.2993012520434,35.1038776574774,0.148486949614851,717760,0,31466.2517628014,47.1394813029425,36.0317295469037,0.169851704128895,-4.84018005089909,-0.927851889426336,-0.0213647545140437
1,500,40.0118377544955,34.8963779055734,0.139626821097736,717760,0,31466.2517628014,47.1394813029425,36.0317295469037,0.169851704128895,-7.12764354844702,-1.13535164133037,-0.0302248830311587
1,750,37.9155514842473,34.8051102189045,0.131965494841978,717760,0,31466.2517628014,47.1394813029425,36.0317295469037,0.169851704128895,-9.2239298186952,-1.22661932799923,-0.0378862092869173
1,1000,36.4090145266756,34.7876543849468,0.12665842138505,717760,0,31466.2517628014,47.1394813029425,36.0317295469037,0.169851704128895,-10.7304667762669,-1.24407516195691,-0.043193282743845
2,0,23.814254572947,32.6525957005,0.0777597226479222,717772,31466.2517628014,44000,23.814254572947,32.6525957005,0.0777597226479222,0,0,0
2,10,23.7616479884977,32.6371619917623,0.0775512754591833,717772,31466.2517628014,44000,23.814254572947,32.6525957005,0.0777597226479222,-0.0526065844492862,-0.0154337087377243,-0.000208447188738969
2,20,23.7103190613918,32.6233263476575,0.077350947654687,717772,31466.2517628014,44000,23.814254572947,32.6525957005,0.0777597226479222,-0.1039355115552,-0.0292693528424763,-0.000408774993235231
2,30,23.6582198339677,32.6091643740621,0.0771474779363549,717772,31466.2517628014,44000,23.814254572947,32.6525957005,0.0777597226479222,-0.156034738979322,-0.04343132643789,-0.000612244711567331
2,40,23.608709079392,32.5954142478335,0.0769535652299368,717772,31466.2517628014,44000,23.814254572947,32.6525957005,0.0777597226479222,-0.205545493555057,-0.0571814526665193,-0.000806157417985398
2,50,23.5579979900767,32.5825629965709,0.0767579953584766,717772,31466.2517628014,44000,23.814254572947,32.6525957005,0.0777597226479222,-0.256256582870328,-0.0700327039290514,-0.00100172728944567
2,75,23.4382899676592,32.5520786671992,0.0762965058851867,717772,31466.2517628014,44000,23.814254572947,32.6525957005,0.0777597226479222,-0.375964605287844,-0.100517033300811,-0.00146321676273554
2,100,23.3198930393867,32.5229401055498,0.0758431484587802,717772,31466.2517628014,44000,23.814254572947,32.6525957005,0.0777597226479222,-0.494361533560333,-0.129655594950165,-0.00191657418914207
2,125,23.2115879415748,32.4946770930391,0.0754253054978151,717772,31466.2517628014,44000,23.814254572947,32.6525957005,0.0777597226479222,-0.602666631372266,-0.157918607460914,-0.00233441715010708
2,150,23.1044845717024,32.4672752300595,0.0750139659638127,717772,31466.2517628014,44000,23.814254572947,32.6525957005,0.0777597226479222,-0.709770001244593,-0.185320470440452,-0.00274575668410952
2,200,22.8987047418958,32.4211576558938,0.0742402516552765,717772,31466.2517628014,44000,23.814254572947,32.6525957005,0.0777597226479222,-0.915549831051273,-0.231438044606207,-0.00351947099264575
2,250,22.7117010229804,32.3788307913831,0.0735378324407565,717772,31466.2517628014,44000,23.814254572947,32.6525957005,0.0777597226479222,-1.10255354996666,-0.273764909116842,-0.00422189020716575
2,300,22.5371821414042,32.3415140509558,0.0728886592895175,717772,31466.2517628014,44000,23.814254572947,32.6525957005,0.0777597226479222,-1.27707243154279,-0.311081649544192,-0.00487106335840473
2,500,21.928507474054,32.2293006196135,0.0706740459520727,717772,31466.2517628014,44000,23.814254572947,32.6525957005,0.0777597226479222,-1.88574709889306,-0.423295080886497,-0.00708567669584956
2,750,21.3494533547329,32.1409768515604,0.0686192286067937,717772,31466.2517628014,44000,23.814254572947,32.6525957005,0.0777597226479222,-2.46480121821414,-0.511618848939627,-0.00914049404112849
2,1000,20.9047606575161,32.0847415408006,0.0670723842668703,717772,31466.2517628014,44000,23.814254572947,32.6525957005,0.0777597226479222,-2.9094939154309,-0.567854159699351,-0.010687338381052
3,0,13.4228455762561,31.7229702296473,0.0425812530612725,717748,44000,60104.0764008565,13.4228455762561,31.7229702296473,0.0425812530612725,0,0,0
3,10,13.4119034350032,31.718030166078,0.0425399157735956,717748,44000,60104.0764008565,13.4228455762561,31.7229702296473,0.0425812530612725,-0.0109421412529187,-0.0049400635693253,-4.13372876769472e-05
3,20,13.4021129049936,31.7126004730544,0.0425015852050828,717748,44000,60104.0764008565,13.4228455762561,31.7229702296473,0.0425812530612725,-0.0207326712625218,-0.0103697565928691,-7.9667856189701e-05
3,30,13.3933681923646,31.7070956863026,0.0424664806837188,717748,44000,60104.0764008565,13.4228455762561,31.7229702296473,0.0425812530612725,-0.0294773838914697,-0.0158745433446406,-0.000114772377553744
3,40,13.3835393016305,31.7022731829035,0.0424288619094414,717748,44000,60104.0764008565,13.4228455762561,31.7229702296473,0.0425812530612725,-0.0393062746256341,-0.0206970467437948,-0.000152391151831063
3,50,13.3731208817951,31.6972638899322,0.0423891341622222,717748,44000,60104.0764008565,13.4228455762561,31.7229702296473,0.0425812530612725,-0.0497246944610108,-0.025706339715061,-0.000192118899050298
3,75,13.3493510257082,31.6857730830679,0.0422984507406809,717748,44000,60104.0764008565,13.4228455762561,31.7229702296473,0.0425812530612725,-0.0734945505479185,-0.0371971465794196,-0.000282802320591628
3,100,13.3258048321509,31.674385600145,0.0422086680685824,717748,44000,60104.0764008565,13.4228455762561,31.7229702296473,0.0425812530612725,-0.0970407441051719,-0.0485846295022867,-0.000372584992690099
3,125,13.3029757890885,31.6631425294934,0.0421214018476308,717748,44000,60104.0764008565,13.4228455762561,31.7229702296473,0.0425812530612725,-0.119869787167641,-0.0598277001538534,-0.000459851213641678
3,150,13.2807602854112,31.6521292288837,0.0420364340811662,717748,44000,60104.0764008565,13.4228455762561,31.7229702296473,0.0425812530612725,-0.142085290844882,-0.0708410007635933,-0.00054481898010629
3,200,13.2365771366366,31.6323235358754,0.0418703690493661,717748,44000,60104.0764008565,13.4228455762561,31.7229702296473,0.0425812530612725,-0.186268439619475,-0.0906466937718555,-0.000710884011906374
3,250,13.1965755854887,31.6129312697684,0.0417182436980358,717748,44000,60104.0764008565,13.4228455762561,31.7229702296473,0.0425812530612725,-0.226269990767417,-0.110038959878871,-0.000863009363236744
3,300,13.1576962480796,31.5955520613187,0.0415724676813218,717748,44000,60104.0764008565,13.4228455762561,31.7229702296473,0.0425812530612725,-0.265149328176463,-0.12741816832861,-0.00100878537995074
3,500,13.0244392182214,31.5330812632725,0.041070070027673,717748,44000,60104.0764008565,13.4228455762561,31.7229702296473,0.0425812530612725,-0.398406358034668,-0.189888966374788,-0.00151118303359953
3,750,12.8857360800727,31.4745938952838,0.0405573310162093,717748,44000,60104.0764008565,13.4228455762561,31.7229702296473,0.0425812530612725,-0.537109496183433,-0.248376334363485,-0.00202392204506317
3,1000,12.7727683439499,31.4314183920504,0.0401466225843425,717748,44000,60104.0764008565,13.4228455762561,31.7229702296473,0.0425812530612725,-0.650077232306232,-0.291551837596877,-0.00243463047693
4,0,6.84438209030638,30.9954738717269,0.0212144866248207,717764,60124.4552182903,88098.4338680319,6.84438209030638,30.9954738717269,0.0212144866248207,0,0,0
4,10,6.84159036489245,30.9916620315004,0.0212032256346716,717764,60124.4552182903,88098.4338680319,6.84438209030638,30.9954738717269,0.0212144866248207,-0.00279172541392381,-0.0038118402264864,-1.12609901490382e-05
4,20,6.83891585535078,30.9882489484421,0.0211926027063058,717764,60124.4552182903,88098.4338680319,6.84438209030638,30.9954738717269,0.0212144866248207,-0.00546623495559384,-0.00722492328473123,-2.18839185148444e-05
4,30,6.83560422831646,30.9848046666647,0.0211799861793013,717764,60124.4552182903,88098.4338680319,6.84438209030638,30.9954738717269,0.0212144866248207,-0.00877786198992148,-0.0106692050621611,-3.45004455193886e-05
4,40,6.8326822836847,30.9805951365985,0.0211680563527845,717764,60124.4552182903,88098.4338680319,6.84438209030638,30.9954738717269,0.0212144866248207,-0.0116998066216745,-0.0148787351283985,-4.64302720361819e-05
4,50,6.83009921552674,30.9775021274163,0.0211579412979444,717764,60124.4552182903,88098.4338680319,6.84438209030638,30.9954738717269,0.0212144866248207,-0.0142828747796404,-0.0179717443105183,-5.65453268762429e-05
4,75,6.82393888056056,30.9685939087922,0.0211327792050498,717764,60124.4552182903,88098.4338680319,6.84438209030638,30.9954738717269,0.0212144866248207,-0.0204432097458227,-0.0268799629347107,-8.17074197709058e-05
4,100,6.81663485491053,30.9606338135449,0.0211047335583531,717764,60124.4552182903,88098.4338680319,6.84438209030638,30.9954738717269,0.0212144866248207,-0.0277472353958501,-0.0348400581820094,-0.00010975306646753
4,125,6.81001675573958,30.95235255752,0.021078603954627,717764,60124.4552182903,88098.4338680319,6.84438209030638,30.9954738717269,0.0212144866248207,-0.034365334566794,-0.0431213142068927,-0.000135882670193668
4,150,6.80319218201712,30.9455761584706,0.0210528701789322,717764,60124.4552182903,88098.4338680319,6.84438209030638,30.9954738717269,0.0212144866248207,-0.0411899082892617,-0.0498977132562892,-0.000161616445888434
4,200,6.79000339944606,30.9319708963768,0.0210028187537965,717764,60124.4552182903,88098.4338680319,6.84438209030638,30.9954738717269,0.0212144866248207,-0.0543786908603208,-0.0635029753500369,-0.000211667871024151
4,250,6.77751596160669,30.9167601076506,0.0209538835110767,717764,60124.4552182903,88098.4338680319,6.84438209030638,30.9954738717269,0.0212144866248207,-0.0668661286996848,-0.0787137640762872,-0.000260603113743978
4,300,6.76486742160376,30.9037166592494,0.020905954603463,717764,60124.4552182903,88098.4338680319,6.84438209030638,30.9954738717269,0.0212144866248207,-0.07951466870262,-0.0917572124774324,-0.000308532021357683
4,500,6.71957207847333,30.8562847507099,0.0207341029456293,717764,60124.4552182903,88098.4338680319,6.84438209030638,30.9954738717269,0.0212144866248207,-0.124810011833046,-0.139189121016923,-0.000480383679191367
4,750,6.67179843699786,30.8104262191236,0.0205560953491987,717764,60124.4552182903,88098.4338680319,6.84438209030638,30.9954738717269,0.0212144866248207,-0.172583653308515,-0.185047652603302,-0.000658391275622009
4,1000,6.62995074518458,30.7780663983748,0.0204057064253246,717764,60124.4552182903,88098.4338680319,6.84438209030638,30.9954738717269,0.0212144866248207,-0.214431345121796,-0.217407473352036,-0.000808780199496088
5,0,1.75837506048928,29.6196623902692,0.00520824756471618,717758,88101.0783134917,2581667,1.75837506048928,29.6196623902692,0.00520824756471618,0,0,0
5,10,1.75825315310546,29.6196822427155,0.00520788996972362,717758,88101.0783134917,2581667,1.75837506048928,29.6196623902692,0.00520824756471618,-0.000121907383825892,1.98524462646787e-05,-3.57594992555534e-07
5,20,1.75821242442903,29.6196582008182,0.00520776510560198,717758,88101.0783134917,2581667,1.75837506048928,29.6196623902692,0.00520824756471618,-0.000162636060250687,-4.18945104740942e-06,-4.82459114198482e-07
5,30,1.75813927999874,29.6197810550686,0.00520757005378786,717758,88101.0783134917,2581667,1.75837506048928,29.6196623902692,0.00520824756471618,-0.0002357804905464,0.000118664799412471,-6.77510928319761e-07
5,40,1.75806613556844,29.6199039195418,0.00520737500197374,717758,88101.0783134917,2581667,1.75837506048928,29.6196623902692,0.00520824756471618,-0.000308924920841669,0.000241529272571483,-8.72562742440172e-07
5,50,1.75795226246172,29.6198178334531,0.00520702257740229,717758,88101.0783134917,2581667,1.75837506048928,29.6196623902692,0.00520824756471618,-0.000422798027561733,0.000155443183849968,-1.22498731389142e-06
5,75,1.75786277083177,29.6197832436964,0.00520675142442005,717758,88101.0783134917,2581667,1.75837506048928,29.6196623902692,0.00520824756471618,-0.000512289657516929,0.0001208534272088,-1.49614029612555e-06
5,100,1.75771648197117,29.6194121756948,0.00520625289675164,717758,88101.0783134917,2581667,1.75837506048928,29.6196623902692,0.00520824756471618,-0.000658578518108133,-0.000250214574432306,-1.9946679645352e-06
5,125,1.75757822738769,29.619182037835,0.00520580294627313,717758,88101.0783134917,2581667,1.75837506048928,29.6196623902692,0.00520824756471618,-0.000796833101593508,-0.000480352434234277,-2.44461844304666e-06
5,150,1.75736682837391,29.6192902060026,0.00520519580880092,717758,88101.0783134917,2581667,1.75837506048928,29.6196623902692,0.00520824756471618,-0.00100823211537415,-0.000372184266588249,-3.05175591525531e-06
5,200,1.75694704900538,29.6197181192457,0.00520402763419797,717758,88101.0783134917,2581667,1.75837506048928,29.6196623902692,0.00520824756471618,-0.00142801148390781,5.57289764273605e-05,-4.21993051820911e-06
5,250,1.75653860121842,29.6201271838656,0.0052028896771459,717758,88101.0783134917,2581667,1.75837506048928,29.6196623902692,0.00520824756471618,-0.00183645927085951,0.000464793596336222,-5.35788757027693e-06
5,300,1.75632720220464,29.620112486107,0.00520226092917111,717758,88101.0783134917,2581667,1.75837506048928,29.6196623902692,0.00520824756471618,-0.00204785828464016,0.000450095837777553,-5.98663554506572e-06
5,500,1.75536573608375,29.6204948322347,0.00519948017143506,717758,88101.0783134917,2581667,1.75837506048928,29.6196623902692,0.00520824756471618,-0.00300932440553336,0.000832441965517461,-8.76739328111494e-06
5,750,1.75469712632949,29.61998242775,0.00519740980479029,717758,88101.0783134917,2581667,1.75837506048928,29.6196623902692,0.00520824756471618,-0.00367793415979589,0.000320037480797453,-1.08377599258918e-05
5,1000,1.75415845823616,29.6188622504064,0.0051956177739882,717758,88101.0783134917,2581667,1.75837506048928,29.6196623902692,0.00520824756471618,-0.00421660225312714,-0.000800139862814575,-1.26297907279797e-05
