"escenario","dH_pp_personas","dH_pp_p2_5_personas","dH_pp_p97_5_personas","dH_pp_se_mc_personas","dA_pp_personas","dA_pp_p2_5_personas","dA_pp_p97_5_personas","dM0_personas","dM0_p2_5_personas","dM0_p97_5_personas","dscore_pp_personas","dscore_pp_p2_5_personas","dscore_pp_p97_5_personas","dH_pp_hogares","dH_pp_p2_5_hogares","dH_pp_p97_5_hogares","dH_pp_se_mc_hogares","dA_pp_hogares","dA_pp_p2_5_hogares","dA_pp_p97_5_hogares","dM0_hogares","dM0_p2_5_hogares","dM0_p97_5_hogares","dscore_pp_hogares","dscore_pp_p2_5_hogares","dscore_pp_p97_5_hogares","dH_pp_beneficiarios_personas","dH_pp_p2_5_beneficiarios_personas","dH_pp_p97_5_beneficiarios_personas","dH_pp_se_mc_beneficiarios_personas","dA_pp_beneficiarios_personas","dA_pp_p2_5_beneficiarios_personas","dA_pp_p97_5_beneficiarios_personas","dM0_beneficiarios_personas","dM0_p2_5_beneficiarios_personas","dM0_p97_5_beneficiarios_personas","dscore_pp_beneficiarios_personas","dscore_pp_p2_5_beneficiarios_personas","dscore_pp_p97_5_beneficiarios_personas","dH_pp_beneficiarios_hogares","dH_pp_p2_5_beneficiarios_hogares","dH_pp_p97_5_beneficiarios_hogares","dH_pp_se_mc_beneficiarios_hogares","dA_pp_beneficiarios_hogares","dA_pp_p2_5_beneficiarios_hogares","dA_pp_p97_5_beneficiarios_hogares","dM0_beneficiarios_hogares","dM0_p2_5_beneficiarios_hogares","dM0_p97_5_beneficiarios_hogares","dscore_pp_beneficiarios_hogares","dscore_pp_p2_5_beneficiarios_hogares","dscore_pp_p97_5_beneficiarios_hogares","dH_pp_p2_5","dH_pp_p97_5","dH_pp_se_mc","dA_pp_p2_5","dA_pp_p97_5","dM0_p2_5","dM0_p97_5","H_proyectado","costo_adicional_anual_mUYU","dH_pp_por_1000M","dH_pp_diseno","dH_pp_diseno_se","dH_pp_diseno_bajo","dH_pp_diseno_alto","dA_pp_diseno","dA_pp_diseno_se","dA_pp_diseno_bajo","dA_pp_diseno_alto","dM0_diseno","dM0_diseno_se","dM0_diseno_bajo","dM0_diseno_alto","dH_p2_5","dH_p97_5","H_proyectado_ic_bajo","H_proyectado_ic_alto"
10,-0.0509505400409384,-0.10620117799756,-0.00905525019212594,0.000467869785507672,-0.0359381789694379,-0.0794661631560856,0.00254233753061342,-0.000240117311818509,-0.000402700771269446,-0.000108477703701689,-0.0193274951734125,-0.0281378019740303,-0.0115723389959502,-0.0321037000027757,-0.0641892794240802,-0.00707016907131042,0.000269115986060705,-0.0266956558118784,-0.0552713983105263,0.000104820019766751,-0.000144248539660942,-0.000235474599501108,-6.73996598986927e-05,-0.0117532448148166,-0.0165076664199963,-0.00734773867188676,-0.49654687355735,-1.03500105907464,-0.0882494310868256,0.00455970199803801,-0.109213107275283,-0.277376524693894,0.0519185378717749,-0.00234010278153433,-0.00392458664407304,-0.00105718731500136,-0.188359285187981,-0.274221580139367,-0.112780134294288,-0.495796633748251,-0.99131342052265,-0.109188848178976,0.00415611907553344,-0.103527931606738,-0.25786363062817,0.0494453903596839,-0.00222771644330133,-0.00363657502891476,-0.00104089324565872,-0.181512386868221,-0.254937762356541,-0.113475521477849,-0.10620117799756,-0.00905525019212594,0.000467869785507672,-0.0794661631560856,0.00254233753061342,-0.000402700771269446,-0.000108477703701689,18.6590535225961,562.2695004,0.0906158701560232,-0.0509505400409366,0.0021304741768821,-0.0551261926976181,-0.046774887384255,-0.0359231797102288,0.00233664813170417,-0.0405029258929118,-0.0313434335275459,-0.000240117311818513,1.09134125032083e-05,-0.000261507207273231,-0.000218727416363796,-0.10620117799756,-0.00905525019212594,18.6038028846395,18.7009488124449
20,-0.1014964603787,-0.178937149500028,-0.0396483283279501,0.000657678071055678,-0.0698332871117094,-0.12904405948737,-0.0155912090070535,-0.000474747531039297,-0.000696180322384286,-0.000283245402411912,-0.038210437169098,-0.0499232055711076,-0.0268578948258116,-0.0639245408710763,-0.108489780463395,-0.0278073677446335,0.000380085881528679,-0.0518604306297945,-0.0917139659510523,-0.0132195100118334,-0.000285250003796943,-0.000411544067316398,-0.000176858970028254,-0.0232439890906418,-0.0297167061810589,-0.0168740059211369,-0.989150459203902,-1.74386144045013,-0.386399309157469,0.00640950988404697,-0.212443037166701,-0.449937994851432,0.0176537098906554,-0.00462673019907586,-0.00678473991118257,-0.00276041468655914,-0.372386104216565,-0.486534816399907,-0.261748034375572,-0.98722490476306,-1.67547254507073,-0.42944580593502,0.00586989351946543,-0.201359308042546,-0.41282636880683,0.0133268027197909,-0.00440528635786443,-0.00635572109124143,-0.00273133881703993,-0.358970820965337,-0.458932860990461,-0.260595362304778,-0.178937149500028,-0.0396483283279501,0.000657678071055678,-0.12904405948737,-0.0155912090070535,-0.000696180322384286,-0.000283245402411912,18.6085076022584,1124.5390008,0.0902560607560034,-0.1014964603787,0.00413021807925061,-0.109591539062327,-0.0934013816950726,-0.0698208177989657,0.00450575337010184,-0.0786519321275852,-0.0609897034703461,-0.000474747531039293,2.12613593736032e-05,-0.000516419029673919,-0.000433076032404668,-0.178937149500028,-0.0396483283279501,18.531066913137,18.6703557343091
30,-0.151428211048329,-0.246772460559262,-0.0748153562107901,0.00080270966088047,-0.102850335109446,-0.171224145646521,-0.0363412968140085,-0.0007053116456256,-0.000972434069456388,-0.000471952293086496,-0.0568418120835,-0.0713593282660908,-0.0434383581670593,-0.0951917089436591,-0.14808272726273,-0.0501176790363208,0.00046519838590562,-0.0763607751745541,-0.122590794190625,-0.0305393793576695,-0.000423314921216495,-0.000574219492613252,-0.000290225203214992,-0.0345656166680021,-0.0422606263331865,-0.027123263422453,-1.47576855326783,-2.40496162891111,-0.729125367281655,0.00782293911240626,-0.313981298112929,-0.590151558852277,-0.0341367795804136,-0.00687373072469068,-0.009477016269921,-0.00459948874755825,-0.553961234850858,-0.695444078143421,-0.423335668728695,-1.47010247575603,-2.28693009487297,-0.773997282410889,0.00718433681280301,-0.297948777218243,-0.558138903364415,-0.0394228009565717,-0.00653750542574215,-0.00886801494674014,-0.00448212133711856,-0.533817484774222,-0.652656119832738,-0.418880773865851,-0.246772460559262,-0.0748153562107901,0.00080270966088047,-0.171224145646521,-0.0363412968140085,-0.000972434069456388,-0.000471952293086496,18.5585758515887,1686.8085012,0.0897720226929156,-0.151428211048329,0.00614893898026174,-0.163479909992777,-0.139376512103882,-0.102830161242867,0.00660780545135778,-0.115781221944376,-0.0898791005413586,-0.000705311645625609,3.14502265556791e-05,-0.000766952956980365,-0.000643670334270852,-0.246772460559262,-0.0748153562107901,18.4632316020778,18.6351887064263
40,-0.200976361099516,-0.305992083151982,-0.111595735847227,0.000914470272212308,-0.134206226322237,-0.216476193834708,-0.0568615107185442,-0.000931196371379642,-0.0012306441908284,-0.000665914419352177,-0.0750973240280925,-0.0922283629281684,-0.0593726913140749,-0.12625072600162,-0.187282886891435,-0.0733706795375179,0.000532155919822507,-0.0994293825365258,-0.153649666552587,-0.047694427762785,-0.000558534977173828,-0.000731380186034466,-0.000402525673878752,-0.0456434368842515,-0.0546457295393244,-0.0369212084647176,-1.95864820437063,-2.98209620742655,-1.08757461045063,0.00891212054402785,-0.410726179526789,-0.733525745101207,-0.088011577784313,-0.00907512749629324,-0.011993445504726,-0.0064897785719329,-0.73187333105225,-0.898826690129246,-0.578626334931901,-1.94976544617799,-2.89232159755417,-1.13310727197729,0.00821840204258048,-0.389012978082352,-0.684660671739719,-0.0975493361283441,-0.00862578959713359,-0.0112951415006591,-0.00621644464934197,-0.704898885734545,-0.843926673622405,-0.570196297284837,-0.305992083151982,-0.111595735847227,0.000914470272212308,-0.216476193834708,-0.0568615107185442,-0.0012306441908284,-0.000665914419352177,18.5090277015375,2249.0780016,0.0893594446064304,-0.200976361099514,0.0081857720036909,-0.217020179412405,-0.184932542786624,-0.134182139142158,0.00857553173136471,-0.150989872483914,-0.117374405800403,-0.000931196371379638,4.1582545433967e-05,-0.00101269666281571,-0.000849696079943562,-0.305992083151982,-0.111595735847227,18.4040119794851,18.5984083267898
50,-0.250369203985062,-0.365821240625701,-0.14767602113463,0.00102363936349531,-0.164454292327851,-0.253892176724005,-0.0763791219799599,-0.00115418612302007,-0.00148787626994561,-0.000851269216486932,-0.0930030727059707,-0.11170528958317,-0.0759326742833198,-0.157115470524989,-0.223036339097878,-0.0974092543799707,0.00059177759993738,-0.121721994329359,-0.182567655382152,-0.0630448355155436,-0.000691880809867792,-0.000880369597016075,-0.000514341707032108,-0.0565301198803902,-0.0667634756113231,-0.0468091017690665,-2.44001428392976,-3.56517110844381,-1.43920096891752,0.00997604589049358,-0.504772500938413,-0.86445070257998,-0.136077762516775,-0.0112483108212083,-0.0145003430677681,-0.00829618425364207,-0.906376751772819,-1.08864228441495,-0.740014374448962,-2.42642814969387,-3.44448353674811,-1.5043493557858,0.00913917529603143,-0.477894200923356,-0.799700543585729,-0.146907114872861,-0.0106851290180822,-0.0135960740543033,-0.00794328650344955,-0.873028440324925,-1.03106827133833,-0.722900945494548,-0.365821240625701,-0.14767602113463,0.00102363936349531,-0.253892176724005,-0.0763791219799599,-0.00148787626994561,-0.000851269216486932,18.459634858652,2811.347502,0.0890566547916787,-0.250369203985062,0.0101130851264011,-0.270190486605396,-0.230547921364729,-0.164412316274254,0.0105384134668468,-0.185067227123465,-0.143757405425042,-0.00115418612302007,5.12518978857972e-05,-0.00125463799701556,-0.00105373424902459,-0.365821240625701,-0.14767602113463,18.3441828220114,18.5623280415024
75,-0.369933049153079,-0.510700367420659,-0.243171676787964,0.00125044925168003,-0.234895808864314,-0.341266101440726,-0.126754255537305,-0.00168770163413863,-0.00209952466960655,-0.00131186256583675,-0.136372348085951,-0.158659862910612,-0.114917364253214,-0.231791434202126,-0.31290015193008,-0.158760646496258,0.000716236482981532,-0.173276776200234,-0.246070135352193,-0.103141796782016,-0.00101065399413054,-0.00124409968205187,-0.000793669684843286,-0.0828977690212424,-0.0950495199878895,-0.0709789984555625,-3.60524341518079,-4.97711448325304,-2.36986959804044,0.0121864589848302,-0.726907947935282,-1.16180781536672,-0.279230281306118,-0.0164477740423521,-0.0204612632135402,-0.0127849725455266,-1.32903916283016,-1.54624580669806,-1.11994608676446,-3.5796937050607,-4.83230412733846,-2.45183558585883,0.0110612682400853,-0.6866245600744,-1.08688226697483,-0.282352724743807,-0.0156081338951841,-0.0192133752294988,-0.012257115473273,-1.28023981106285,-1.46790656669821,-1.09617111105719,-0.510700367420659,-0.243171676787964,0.00125044925168003,-0.341266101440726,-0.126754255537305,-0.00209952466960655,-0.00131186256583675,18.340071013484,4217.021253,0.0877237810670049,-0.369933049153079,0.0149253756030202,-0.399186247790731,-0.340679850515427,-0.234828178147817,0.0150958116947386,-0.264415425386903,-0.20524093090873,-0.00168770163413864,7.46578417741104e-05,-0.00183402831517938,-0.00154137495309789,-0.510700367420659,-0.243171676787964,18.1993036952164,18.4668323858491
100,-0.487834185335385,-0.657713214604762,-0.346191431012356,0.00144317601577125,-0.297670560393364,-0.419211664558726,-0.175657743433701,-0.00220002759819139,-0.00268372333348751,-0.00177306753990143,-0.177988844807326,-0.203577033970295,-0.153112607865614,-0.30488158514238,-0.400568284478465,-0.223101148981031,0.000823680211199948,-0.219122570528835,-0.301076671818319,-0.137196529175571,-0.00131553565783035,-0.00158233526113276,-0.00107271223731049,-0.108170875686701,-0.122231177769714,-0.0942680044474009,-4.7542683423581,-6.4098523812886,-3.37386556812565,0.0140647093838138,-0.927031696921618,-1.4210739779348,-0.413877801890662,-0.0214407310451286,-0.026154667441511,-0.017279721526733,-1.73461958099266,-1.98399348985914,-1.49218411967362,-4.70846860618413,-6.18621551452212,-3.44548443452309,0.0127205859749086,-0.87486995254408,-1.32701967512851,-0.414646220305228,-0.0203166037145777,-0.0244369495062238,-0.0165665364488552,-1.67054750793304,-1.88768915956939,-1.45583715494302,-0.657713214604762,-0.346191431012356,0.00144317601577125,-0.419211664558726,-0.175657743433701,-0.00268372333348751,-0.00177306753990143,18.2221698773017,5622.695004,0.0867616303193288,-0.487834185335384,0.0197477225909555,-0.526539010390345,-0.449129360280423,-0.297570902586758,0.0190044033379928,-0.334818848676897,-0.260322956496619,-0.00220002759819139,9.69630485762396e-05,-0.00239007168123203,-0.00200998351515075,-0.657713214604762,-0.346191431012356,18.0522908480323,18.3638126316247
125,-0.600419164946966,-0.787870158342531,-0.441773466465969,0.00156934240774265,-0.355375343575016,-0.488190234578473,-0.221697166060266,-0.0026838998578851,-0.00321340798405709,-0.00222181431760978,-0.217687086418006,-0.245804124421834,-0.190458914516133,-0.374744518131318,-0.475987349110808,-0.28225686081351,0.000891797073289448,-0.2609547866796,-0.351537533355996,-0.173093697000103,-0.0016036226673461,-0.00189789916472498,-0.00133777287579389,-0.132299728732451,-0.147416822079457,-0.116919124074137,-5.85148379072685,-7.67831829809421,-4.30537602580883,0.0152942847216036,-1.11600603980777,-1.64929894641397,-0.566623658556261,-0.0261563877890806,-0.0313167963806803,-0.0216530571049426,-2.12150532826184,-2.39552454971224,-1.85614869770027,-5.78740365095156,-7.3509572222357,-4.35906146118943,0.013772555402811,-1.05184178893287,-1.54099936535395,-0.549490231753053,-0.0247657036479859,-0.0293103915431215,-0.0206600263670848,-2.04318381201185,-2.27664612298708,-1.80565193830426,-0.787870158342531,-0.441773466465969,0.00156934240774265,-0.488190234578473,-0.221697166060266,-0.00321340798405709,-0.00222181431760978,18.1095848976901,7028.368755,0.0854279543201011,-0.600419164946966,0.024283459448949,-0.648013870886945,-0.552824459006988,-0.355277325946463,0.0227026882247433,-0.399773777219201,-0.310780874673724,-0.00268389985788511,0.000117900350237513,-0.00291498029811529,-0.00245281941765492,-0.787870158342531,-0.441773466465969,17.9221339042945,18.2682305961711
150,-0.709814407890618,-0.905208757685712,-0.540171901375446,0.00170171646270836,-0.408335874377957,-0.553511462643213,-0.265484174251896,-0.00314724539151381,-0.00371070299596726,-0.00263687250880191,-0.25602690876293,-0.287017831205697,-0.227185329997773,-0.442237949420534,-0.550693505028461,-0.341402752966723,0.000968069750842972,-0.299035449798726,-0.397684163102352,-0.202591778197821,-0.00187819390523495,-0.00218750507350096,-0.00158846797815685,-0.155573937995141,-0.171785469074294,-0.13959328721488,-6.91761313542215,-8.82186092992185,-5.26433416792036,0.0165843578607797,-1.29318025641134,-1.88035955974535,-0.697074645064423,-0.0306719979458176,-0.0361632667655137,-0.0256980750186922,-2.49515237700402,-2.79717951224634,-2.21407202431709,-6.82974506425966,-8.50468905442457,-5.27248683667775,0.0149504799652363,-1.21698519009867,-1.75229447021863,-0.665899283400236,-0.0290060714391629,-0.0337829487459458,-0.0245316607219405,-2.40262134116258,-2.65298570839299,-2.15582259642993,-0.905208757685712,-0.540171901375446,0.00170171646270836,-0.553511462643213,-0.265484174251896,-0.00371070299596726,-0.00263687250880191,18.0001896547464,8434.042506,0.0841606391461336,-0.709814407890619,0.028652446315142,-0.765972170737265,-0.653656645043973,-0.408232951851556,0.0261285355660739,-0.459443940529835,-0.357021963173277,-0.00314724539151381,0.000137799987214381,-0.00341732840352408,-0.00287716237950355,-0.905208757685712,-0.540171901375446,17.8047953049513,18.1698321612616
200,-0.917277455447993,-1.1321758625859,-0.721986055513789,0.00191503421626067,-0.499888452060516,-0.6646969898863,-0.33824042367259,-0.00400706160130564,-0.00464825959563478,-0.00342715526425438,-0.328099742848263,-0.362679430814703,-0.295643040026543,-0.569283100567656,-0.68581621959631,-0.456730958070755,0.00108360050054785,-0.364952585818475,-0.47960523691578,-0.258317005042168,-0.00238582603927557,-0.00272947150224334,-0.00206102498597749,-0.199337638629868,-0.218211996139161,-0.181283848434428,-8.9394784102656,-11.0338062056343,-7.03623393057901,0.0186632811364814,-1.60898692126544,-2.28843972644569,-0.937205342682831,-0.0390514783294018,-0.0453003789133713,-0.0333999056789936,-3.19755004353973,-3.5345520838425,-2.88123790437189,-8.79177929294155,-10.5914699245384,-7.05356926212603,0.0167346904080555,-1.51411814972101,-2.12890495558088,-0.899120313654937,-0.0368457379952927,-0.0421528603434192,-0.0318296411326523,-3.07849033611293,-3.36997832399162,-2.79967485987431,-1.1321758625859,-0.721986055513789,0.00191503421626067,-0.6646969898863,-0.33824042367259,-0.00464825959563478,-0.00342715526425438,17.7927266071891,11245.390008,0.0815691990046978,-0.91727745544799,0.0369100429457768,-0.989619810289539,-0.844935100606441,-0.49977151092625,0.0319749093708963,-0.562441181702139,-0.437101840150361,-0.00400706160130564,0.000174278954782873,-0.00434864207594336,-0.00366548112666793,-1.1321758625859,-0.721986055513789,17.5778282000512,17.9880180071233
250,-1.11094798022664,-1.33592630632729,-0.904858362205548,0.0020724371254093,-0.577253712951145,-0.759066920343521,-0.405499004257148,-0.00479214198312789,-0.00546040712193093,-0.00416950419666507,-0.39489141997184,-0.432456429750092,-0.359117378631273,-0.687422509637688,-0.811189956589163,-0.570301440586228,0.00116672357043018,-0.419815598510487,-0.542191580023661,-0.303209488459452,-0.00284774092386685,-0.00322187997366755,-0.00250110896911174,-0.239870498942704,-0.260419596204314,-0.219367575995151,-10.8269263843554,-13.0194896889579,-8.81844609310081,0.020197277093419,-1.88890528614051,-2.65229215503376,-1.15551684205892,-0.046702608401268,-0.0532152962964975,-0.0406345893777529,-3.84847932571644,-4.21457531106923,-3.49983751803595,-10.6162768220384,-12.5276915051076,-8.80750612670759,0.0180184096750221,-1.7748770812964,-2.44472632476883,-1.10658180276288,-0.043979365734113,-0.0497574187756291,-0.0386261212077096,-3.70446353227272,-4.02181552746302,-3.38782463462176,-1.33592630632729,-0.904858362205548,0.0020724371254093,-0.759066920343521,-0.405499004257148,-0.00546040712193093,-0.00416950419666507,17.5990560824104,14056.73751,0.0790331312252442,-1.11094798022664,0.0445237048753324,-1.19821283824058,-1.0236831222127,-0.57713410703058,0.0370205696388523,-0.649693090209888,-0.504575123851273,-0.00479214198312789,0.000207347891893435,-0.00519853638350933,-0.00438574758274645,-1.33592630632729,-0.904858362205548,17.3740777563098,17.8051457004315
300,-1.29279561814778,-1.54274741264634,-1.06481982009595,0.00222675136035573,-0.64135652899342,-0.840206622291366,-0.455560265222547,-0.00551183456515882,-0.0062701346205967,-0.00484603404330098,-0.45702492921036,-0.498046423291117,-0.418921458098463,-0.797462044975702,-0.935151623703604,-0.66905795496145,0.00125138771475107,-0.465033343852917,-0.599459601931487,-0.341607813842347,-0.00326901930470386,-0.00367623260542015,-0.00289645842138312,-0.277546317899591,-0.300456392506458,-0.255823986307964,-12.5991524687301,-15.0350988198107,-10.3773768078947,0.0217011718675759,-2.13099988625328,-2.94463661647605,-1.34125157051337,-0.0537164909085533,-0.0611066289020564,-0.0472278223433973,-4.4540116661145,-4.85379338811555,-4.08266801721313,-12.3156831582268,-14.4421056462767,-10.3326620241186,0.0193259286759424,-2.00088640582553,-2.72098812436572,-1.2925737384356,-0.0504854196491398,-0.0567742581224371,-0.0447317391761499,-4.28631373056506,-4.64012771051206,-3.95084277614668,-1.54274741264634,-1.06481982009595,0.00222675136035573,-0.840206622291366,-0.455560265222547,-0.0062701346205967,-0.00484603404330098,17.4172084444893,16868.085012,0.0766415166409278,-1.29279561814778,0.0517143485665285,-1.39415387882213,-1.19143735747344,-0.641258924855498,0.0413156658791477,-0.722236141975918,-0.560281707735078,-0.00551183456515883,0.000237597652412135,-0.00597751740669788,-0.00504615172361978,-1.54274741264634,-1.06481982009595,17.1672566499907,17.6451842425411
500,-1.9079273157635,-2.19093725427037,-1.62820071990597,0.00261008069590705,-0.818151841037957,-1.04624693428715,-0.595395755742552,-0.00786219355527431,-0.00872678682189768,-0.00706648114514722,-0.670187613210945,-0.717485714360021,-0.626617090234197,-1.16502911076651,-1.31984541468113,-1.00592401610742,0.00145335450025131,-0.587075225700643,-0.742838733734213,-0.435395309713718,-0.00463143480963701,-0.00509047459688254,-0.00419108362648347,-0.406658910429337,-0.433038297796568,-0.382102966800056,-18.5940196680118,-21.352139602331,-15.8678980898638,0.0254369709966507,-2.88802937896921,-3.87037994053634,-1.87887561112574,-0.0766223012756569,-0.0850483372528147,-0.0688675550220957,-6.53142368597803,-6.99237511518568,-6.10679998334447,-17.992241121329,-20.3831618664014,-15.5350860165482,0.0224450224991253,-2.70398219852294,-3.59107922269525,-1.82253656579202,-0.0715260168716991,-0.0786152427632058,-0.0647254102669869,-6.28027669262935,-6.68766934381546,-5.90104457331424,-2.19093725427037,-1.62820071990597,0.00261008069590705,-1.04624693428715,-0.595395755742552,-0.00872678682189768,-0.00706648114514722,16.8020767468736,28113.47502,0.0678652252845367,-1.9079273157635,0.0757134356059226,-2.0563229226969,-1.7595317088301,-0.818119324903538,0.0539620274245492,-0.923882955188417,-0.712355694618659,-0.00786219355527431,0.000334542867708107,-0.00851788552726695,-0.00720650158328167,-2.19093725427037,-1.62820071990597,16.5190668083667,17.0818033427311
750,-2.48042567779814,-2.78280537627877,-2.18938799075569,0.00277328839387219,-0.929295070491476,-1.1897986729469,-0.6782085166407,-0.00994398986377936,-0.0108901930690706,-0.00904358334619742,-0.875830593174113,-0.929528618928175,-0.825041754880877,-1.50008824618433,-1.66788234295976,-1.33296057830841,0.00154167792053734,-0.661872328358251,-0.836902330494804,-0.494256136425643,-0.00581959241610022,-0.00633235110354865,-0.0053173000228864,-0.531044000367998,-0.560824271733307,-0.502830162493436,-24.1733966786695,-27.1202877967446,-21.3370409997665,0.0270275384783686,-3.50737761309162,-4.65422595001814,-2.33166159200946,-0.0969107898282971,-0.106132168894344,-0.0881357299196733,-8.53555119253011,-9.0588741402939,-8.04058020996834,-23.1667596793892,-25.7581042389537,-20.5857071797734,0.023809053886634,-3.28175500750409,-4.30396324153638,-2.21460217030975,-0.0898754451804582,-0.0977942841659994,-0.082118243434515,-8.20123000563468,-8.6611445417708,-7.76550683845712,-2.78280537627877,-2.18938799075569,0.00277328839387219,-1.1897986729469,-0.6782085166407,-0.0108901930690706,-0.00904358334619742,16.2295783848389,42170.21253,0.0588193781578303,-2.48042567779814,0.0976559119163372,-2.67182774803158,-2.28902360756471,-0.929285034846056,0.0630077977331171,-1.05277804914815,-0.805792020543962,-0.00994398986377937,0.000418856953738908,-0.0107649344077818,-0.00912304531977695,-2.78280537627877,-2.18938799075569,15.9271986863583,16.5206160718814
1000,-2.90174334870894,-3.21937028011019,-2.5915514425148,0.0029125586877567,-0.985256786408974,-1.26503170729671,-0.717622309627087,-0.0114273544393552,-0.0124333482315269,-0.0104561601150839,-1.03764932946674,-1.09576742693895,-0.981438002616661,-1.74261002361436,-1.917526084996,-1.56972875689145,0.00161412992966633,-0.698291888084041,-0.881668441782303,-0.522407793104065,-0.00665455759682684,-0.00721786097533769,-0.00612521347982724,-0.628654504928432,-0.660814530611477,-0.596512259411311,-28.2794173822209,-31.374902918158,-25.2563911081179,0.0283848200489309,-3.94570624616294,-5.21850862393833,-2.58414708799548,-0.111367163436036,-0.121171241507036,-0.101902229306858,-10.1125823196692,-10.6789818038304,-9.56476558242769,-26.9121684905248,-29.613501807682,-24.2422597238735,0.0249279735822249,-3.69110454879643,-4.84046426072054,-2.53474209551131,-0.102770311686981,-0.11146974255696,-0.0945953339965544,-9.70868738828363,-10.205353893189,-9.21229547311124,-3.21937028011019,-2.5915514425148,0.0029125586877567,-1.26503170729671,-0.717622309627087,-0.0124333482315269,-0.0104561601150839,15.8082607139281,56226.95004,0.051607696071806,-2.90174334870894,0.113508558633788,-3.12421603556822,-2.67927066184966,-0.985252549956983,0.068732091409599,-1.11996497370191,-0.850540126212054,-0.0114273544393552,0.000478054529057105,-0.0123643240989533,-0.010490384779757,-3.21937028011019,-2.5915514425148,15.4906337825269,16.1184526201223
