"escenario","H_monetaria_personas","H_monetaria_hogares","H_monetaria_beneficiarios_personas","H_monetaria_beneficiarios_hogares","dH_pp_monetaria_personas","dH_pp_monetaria_hogares","dH_pp_monetaria_beneficiarios_personas","dH_pp_monetaria_beneficiarios_hogares"
0,0.166232631390642,0.131751029495174,0.549961167263188,0.543493557857957,0,0,0,0
10,0.165577259486592,0.131330747222602,0.543574132509247,0.53700288743843,-0.0655371904050434,-0.042028227257232,-0.638703475394164,-0.649067041952778
20,0.164956996791687,0.130915178396077,0.537529260331409,0.530585009584355,-0.12756345989553,-0.0835851099097062,-1.24319069317793,-1.29085482736029
30,0.164411689471863,0.130538888286615,0.532214878097793,0.524773736442385,-0.18209419187796,-0.1212141208559,-1.77462891653949,-1.87198214155727
40,0.163760497235568,0.129962276720133,0.525868576983864,0.515868779268677,-0.247213415507461,-0.178875277504137,-2.40925902793242,-2.762477858928
50,0.162278665694012,0.12908557575529,0.511427143811474,0.502329362094485,-0.395396569663081,-0.266545373988378,-3.85340234517144,-4.11641957634726
75,0.160444348838415,0.127985771677531,0.493550506998039,0.485344430155533,-0.578828255222774,-0.376525781764306,-5.64106602651488,-5.81491277024239
100,0.15778190047821,0.126535601443571,0.467603178310151,0.462948584184602,-0.845073091243262,-0.521542805160283,-8.23579889530369,-8.05449736733554
125,0.154703714498599,0.124808909041489,0.437604210229032,0.436282241040448,-1.15289168920436,-0.694212045368491,-11.2356957034157,-10.7211316817509
150,0.151802189142784,0.123291964988523,0.409326917332435,0.412855167058938,-1.44304422478587,-0.845906450665147,-14.0634249930753,-13.063839079902
200,0.145720772558642,0.119472502541333,0.350059471114418,0.353868924853808,-2.05118588320002,-1.22785269538412,-19.990169614877,-18.9624633004149
250,0.140623528408644,0.11643232984067,0.300383439331317,0.30691772013685,-2.56091029819979,-1.53186996545044,-24.9577727931872,-23.6575837721107
300,0.136344105916125,0.113634114037114,0.258677623110638,0.263703200446461,-2.98885254745177,-1.81169154580606,-29.128354415255,-27.9790357411496
500,0.123245863104178,0.105425647745323,0.131026542039832,0.136934947710674,-4.29867682864644,-2.63253817498511,-41.8934625223356,-40.6558610147284
750,0.116597404927884,0.100892098221931,0.0662328986601348,0.0669206318394681,-4.96352264627583,-3.08589312732432,-48.3728268603053,-47.6572926018489
1000,0.112584087949126,0.0984473908719404,0.0271204575202446,0.0291655545580278,-5.36485434415161,-3.33036386232338,-52.2840709742944,-51.432800329993
